employee_id,year,month,absent,half-day,leave,present,date_key,days_recorded,absenteeism_rate_pct
EMP0001,2025,8,0,1,0,25,20250801,26,1.92
EMP0001,2025,9,0,0,3,23,20250901,26,0.0
EMP0001,2025,10,0,0,3,24,20251001,27,0.0
EMP0001,2025,11,0,1,0,24,20251101,25,2.0
EMP0001,2025,12,0,0,1,26,20251201,27,0.0
EMP0001,2026,1,0,0,0,27,20260101,27,0.0
EMP0001,2026,2,0,0,0,24,20260201,24,0.0
EMP0001,2026,3,0,0,0,26,20260301,26,0.0
EMP0001,2026,4,1,0,0,25,20260401,26,3.85
EMP0001,2026,5,0,0,0,26,20260501,26,0.0
EMP0001,2026,6,1,0,1,24,20260601,26,3.85
EMP0001,2026,7,0,0,0,16,20260701,16,0.0
EMP0002,2025,10,0,0,0,13,20251001,13,0.0
EMP0002,2025,11,0,2,0,23,20251101,25,4.0
EMP0002,2025,12,0,0,0,27,20251201,27,0.0
EMP0002,2026,1,0,2,1,24,20260101,27,3.7
EMP0002,2026,2,0,1,1,22,20260201,24,2.08
EMP0002,2026,3,0,0,0,26,20260301,26,0.0
EMP0002,2026,4,0,0,0,26,20260401,26,0.0
EMP0002,2026,5,0,0,1,25,20260501,26,0.0
EMP0002,2026,6,1,1,0,24,20260601,26,5.77
EMP0002,2026,7,0,0,0,16,20260701,16,0.0
EMP0003,2025,8,2,2,0,22,20250801,26,11.54
EMP0003,2025,9,1,1,1,23,20250901,26,5.77
EMP0003,2025,10,4,0,1,22,20251001,27,14.81
EMP0003,2025,11,0,2,0,23,20251101,25,4.0
EMP0003,2025,12,0,1,1,25,20251201,27,1.85
EMP0003,2026,1,3,1,0,23,20260101,27,12.96
EMP0003,2026,2,2,1,0,21,20260201,24,10.42
EMP0003,2026,3,1,1,0,24,20260301,26,5.77
EMP0003,2026,4,0,1,0,25,20260401,26,1.92
EMP0003,2026,5,4,0,1,21,20260501,26,15.38
EMP0003,2026,6,2,0,3,21,20260601,26,7.69
EMP0003,2026,7,0,0,0,16,20260701,16,0.0
EMP0004,2025,8,0,1,1,24,20250801,26,1.92
EMP0004,2025,9,0,2,1,23,20250901,26,3.85
EMP0004,2025,10,0,1,1,25,20251001,27,1.85
EMP0004,2025,11,1,1,1,22,20251101,25,6.0
EMP0004,2025,12,1,2,0,24,20251201,27,7.41
EMP0004,2026,1,0,1,3,23,20260101,27,1.85
EMP0004,2026,2,1,0,4,19,20260201,24,4.17
EMP0004,2026,3,1,2,0,23,20260301,26,7.69
EMP0004,2026,4,1,1,1,23,20260401,26,5.77
EMP0004,2026,5,0,0,2,24,20260501,26,0.0
EMP0004,2026,6,0,1,1,24,20260601,26,1.92
EMP0004,2026,7,0,1,0,15,20260701,16,3.12
EMP0005,2025,8,0,1,2,23,20250801,26,1.92
EMP0005,2025,9,1,0,0,25,20250901,26,3.85
EMP0005,2025,10,3,0,0,24,20251001,27,11.11
EMP0005,2025,11,4,0,1,20,20251101,25,16.0
EMP0005,2025,12,0,1,0,26,20251201,27,1.85
EMP0005,2026,1,0,0,0,27,20260101,27,0.0
EMP0005,2026,2,0,0,0,24,20260201,24,0.0
EMP0005,2026,3,0,0,0,26,20260301,26,0.0
EMP0005,2026,4,0,1,0,25,20260401,26,1.92
EMP0005,2026,5,2,0,0,24,20260501,26,7.69
EMP0005,2026,6,0,1,1,24,20260601,26,1.92
EMP0005,2026,7,0,1,0,15,20260701,16,3.12
EMP0006,2025,8,0,0,1,25,20250801,26,0.0
EMP0006,2025,9,0,0,2,24,20250901,26,0.0
EMP0006,2025,10,0,0,1,26,20251001,27,0.0
EMP0006,2025,11,1,3,0,21,20251101,25,10.0
EMP0006,2025,12,0,0,0,27,20251201,27,0.0
EMP0006,2026,1,2,0,1,24,20260101,27,7.41
EMP0006,2026,2,1,0,0,23,20260201,24,4.17
EMP0006,2026,3,0,0,0,26,20260301,26,0.0
EMP0006,2026,4,0,0,0,26,20260401,26,0.0
EMP0006,2026,5,1,0,0,25,20260501,26,3.85
EMP0006,2026,6,1,0,0,25,20260601,26,3.85
EMP0006,2026,7,0,0,0,16,20260701,16,0.0
EMP0007,2025,8,0,1,0,25,20250801,26,1.92
EMP0007,2025,9,0,1,1,24,20250901,26,1.92
EMP0007,2025,10,1,3,1,22,20251001,27,9.26
EMP0007,2025,11,2,2,2,19,20251101,25,12.0
EMP0007,2025,12,2,0,1,24,20251201,27,7.41
EMP0007,2026,1,0,0,0,27,20260101,27,0.0
EMP0007,2026,2,0,2,1,21,20260201,24,4.17
EMP0007,2026,3,0,1,0,25,20260301,26,1.92
EMP0007,2026,4,3,1,3,19,20260401,26,13.46
EMP0007,2026,5,1,0,0,25,20260501,26,3.85
EMP0007,2026,6,2,1,0,23,20260601,26,9.62
EMP0007,2026,7,1,0,0,15,20260701,16,6.25
EMP0008,2025,8,0,1,1,24,20250801,26,1.92
EMP0008,2025,9,1,0,2,23,20250901,26,3.85
EMP0008,2025,10,3,1,0,23,20251001,27,12.96
EMP0008,2025,11,1,0,0,24,20251101,25,4.0
EMP0008,2025,12,1,0,0,26,20251201,27,3.7
EMP0008,2026,1,1,0,1,25,20260101,27,3.7
EMP0008,2026,2,0,0,0,24,20260201,24,0.0
EMP0008,2026,3,0,0,1,25,20260301,26,0.0
EMP0008,2026,4,1,0,0,25,20260401,26,3.85
EMP0008,2026,5,0,1,1,24,20260501,26,1.92
EMP0008,2026,6,0,0,1,25,20260601,26,0.0
EMP0008,2026,7,0,2,0,14,20260701,16,6.25
EMP0009,2025,8,1,1,1,23,20250801,26,5.77
EMP0009,2025,9,0,0,0,26,20250901,26,0.0
EMP0009,2025,10,0,1,2,24,20251001,27,1.85
EMP0009,2025,11,1,0,2,22,20251101,25,4.0
EMP0009,2025,12,3,0,1,23,20251201,27,11.11
EMP0009,2026,1,0,1,0,26,20260101,27,1.85
EMP0009,2026,2,0,1,0,23,20260201,24,2.08
EMP0009,2026,3,2,1,0,23,20260301,26,9.62
EMP0009,2026,4,0,0,0,26,20260401,26,0.0
EMP0009,2026,5,0,1,1,24,20260501,26,1.92
EMP0009,2026,6,0,1,2,23,20260601,26,1.92
EMP0009,2026,7,1,0,2,13,20260701,16,6.25
EMP0010,2025,8,0,0,1,25,20250801,26,0.0
EMP0010,2025,9,0,0,0,26,20250901,26,0.0
EMP0010,2025,10,0,1,0,26,20251001,27,1.85
EMP0010,2025,11,0,0,0,25,20251101,25,0.0
EMP0010,2025,12,0,0,0,21,20251201,21,0.0
EMP0011,2025,8,1,2,0,23,20250801,26,7.69
EMP0011,2025,9,2,0,0,24,20250901,26,7.69
EMP0011,2025,10,0,0,1,26,20251001,27,0.0
EMP0011,2025,11,1,0,1,23,20251101,25,4.0
EMP0011,2025,12,1,1,0,25,20251201,27,5.56
EMP0011,2026,1,1,1,1,24,20260101,27,5.56
EMP0011,2026,2,1,0,0,23,20260201,24,4.17
EMP0011,2026,3,1,0,0,25,20260301,26,3.85
EMP0011,2026,4,1,1,1,23,20260401,26,5.77
EMP0011,2026,5,0,1,0,25,20260501,26,1.92
EMP0011,2026,6,1,0,0,25,20260601,26,3.85
EMP0011,2026,7,2,1,0,13,20260701,16,15.62
EMP0012,2025,8,0,2,1,23,20250801,26,3.85
EMP0012,2025,9,0,0,2,24,20250901,26,0.0
EMP0012,2025,10,1,0,0,26,20251001,27,3.7
EMP0012,2025,11,0,0,0,25,20251101,25,0.0
EMP0012,2025,12,1,1,1,24,20251201,27,5.56
EMP0012,2026,1,0,1,1,25,20260101,27,1.85
EMP0012,2026,2,0,0,0,24,20260201,24,0.0
EMP0012,2026,3,0,0,0,26,20260301,26,0.0
EMP0012,2026,4,1,0,2,23,20260401,26,3.85
EMP0012,2026,5,0,1,1,24,20260501,26,1.92
EMP0012,2026,6,0,0,0,26,20260601,26,0.0
EMP0012,2026,7,0,0,0,16,20260701,16,0.0
EMP0013,2025,8,0,1,1,24,20250801,26,1.92
EMP0013,2025,9,2,0,1,23,20250901,26,7.69
EMP0013,2025,10,1,1,0,25,20251001,27,5.56
EMP0013,2025,11,1,0,0,24,20251101,25,4.0
EMP0013,2025,12,2,0,0,25,20251201,27,7.41
EMP0013,2026,1,0,0,0,27,20260101,27,0.0
EMP0013,2026,2,0,0,0,24,20260201,24,0.0
EMP0013,2026,3,0,0,0,26,20260301,26,0.0
EMP0013,2026,4,0,0,1,25,20260401,26,0.0
EMP0013,2026,5,1,1,1,23,20260501,26,5.77
EMP0013,2026,6,1,1,0,24,20260601,26,5.77
EMP0013,2026,7,2,0,0,14,20260701,16,12.5
EMP0014,2025,8,0,1,0,25,20250801,26,1.92
EMP0014,2025,9,0,0,1,7,20250901,8,0.0
EMP0015,2025,8,0,1,0,25,20250801,26,1.92
EMP0015,2025,9,1,1,0,24,20250901,26,5.77
EMP0015,2025,10,2,1,0,24,20251001,27,9.26
EMP0015,2025,11,1,2,0,22,20251101,25,8.0
EMP0015,2025,12,3,3,0,21,20251201,27,16.67
EMP0015,2026,1,1,2,2,22,20260101,27,7.41
EMP0015,2026,2,1,0,0,23,20260201,24,4.17
EMP0015,2026,3,0,1,1,24,20260301,26,1.92
EMP0015,2026,4,0,0,0,26,20260401,26,0.0
EMP0015,2026,5,1,2,0,23,20260501,26,7.69
EMP0015,2026,6,0,1,1,24,20260601,26,1.92
EMP0015,2026,7,0,1,0,15,20260701,16,3.12
EMP0016,2025,8,0,1,0,25,20250801,26,1.92
EMP0016,2025,9,0,2,0,24,20250901,26,3.85
EMP0016,2025,10,1,0,0,26,20251001,27,3.7
EMP0016,2025,11,1,1,2,21,20251101,25,6.0
EMP0016,2025,12,3,0,0,24,20251201,27,11.11
EMP0016,2026,1,0,0,0,27,20260101,27,0.0
EMP0016,2026,2,1,0,0,23,20260201,24,4.17
EMP0016,2026,3,1,0,0,25,20260301,26,3.85
EMP0016,2026,4,1,0,0,25,20260401,26,3.85
EMP0016,2026,5,1,1,2,22,20260501,26,5.77
EMP0016,2026,6,0,1,1,24,20260601,26,1.92
EMP0016,2026,7,1,0,0,15,20260701,16,6.25
EMP0017,2025,8,1,0,0,25,20250801,26,3.85
EMP0017,2025,9,0,0,4,22,20250901,26,0.0
EMP0017,2025,10,0,2,0,25,20251001,27,3.7
EMP0017,2025,11,0,2,0,23,20251101,25,4.0
EMP0017,2025,12,0,0,0,27,20251201,27,0.0
EMP0017,2026,1,0,0,0,27,20260101,27,0.0
EMP0017,2026,2,0,1,1,22,20260201,24,2.08
EMP0017,2026,3,0,1,0,25,20260301,26,1.92
EMP0017,2026,4,1,2,1,22,20260401,26,7.69
EMP0017,2026,5,1,1,0,24,20260501,26,5.77
EMP0017,2026,6,0,2,1,23,20260601,26,3.85
EMP0017,2026,7,1,1,0,14,20260701,16,9.38
EMP0018,2025,8,0,0,1,25,20250801,26,0.0
EMP0018,2025,9,1,0,0,25,20250901,26,3.85
EMP0018,2025,10,3,0,0,24,20251001,27,11.11
EMP0018,2025,11,1,1,2,21,20251101,25,6.0
EMP0018,2025,12,0,1,0,26,20251201,27,1.85
EMP0018,2026,1,2,0,1,24,20260101,27,7.41
EMP0018,2026,2,0,0,1,23,20260201,24,0.0
EMP0018,2026,3,1,0,1,24,20260301,26,3.85
EMP0018,2026,4,0,1,1,24,20260401,26,1.92
EMP0018,2026,5,0,1,0,25,20260501,26,1.92
EMP0018,2026,6,0,1,0,25,20260601,26,1.92
EMP0018,2026,7,0,4,1,11,20260701,16,12.5
EMP0019,2025,8,0,0,0,26,20250801,26,0.0
EMP0019,2025,9,0,0,0,26,20250901,26,0.0
EMP0019,2025,10,0,0,0,27,20251001,27,0.0
EMP0019,2025,11,0,1,0,24,20251101,25,2.0
EMP0019,2025,12,2,0,0,25,20251201,27,7.41
EMP0019,2026,1,1,0,1,25,20260101,27,3.7
EMP0019,2026,2,0,0,0,24,20260201,24,0.0
EMP0019,2026,3,0,1,0,25,20260301,26,1.92
EMP0019,2026,4,2,2,0,22,20260401,26,11.54
EMP0019,2026,5,1,2,0,23,20260501,26,7.69
EMP0019,2026,6,0,1,1,24,20260601,26,1.92
EMP0019,2026,7,0,0,0,16,20260701,16,0.0
EMP0020,2025,8,2,0,0,24,20250801,26,7.69
EMP0020,2025,9,3,1,0,22,20250901,26,13.46
EMP0020,2025,10,2,1,1,23,20251001,27,9.26
EMP0020,2025,11,1,0,0,24,20251101,25,4.0
EMP0020,2025,12,0,1,0,26,20251201,27,1.85
EMP0020,2026,1,2,0,0,25,20260101,27,7.41
EMP0020,2026,2,2,2,1,19,20260201,24,12.5
EMP0020,2026,3,0,1,0,25,20260301,26,1.92
EMP0020,2026,4,0,0,0,26,20260401,26,0.0
EMP0020,2026,5,2,1,0,23,20260501,26,9.62
EMP0020,2026,6,1,1,2,22,20260601,26,5.77
EMP0020,2026,7,1,1,0,14,20260701,16,9.38
EMP0021,2025,8,1,0,0,25,20250801,26,3.85
EMP0021,2025,9,0,0,0,26,20250901,26,0.0
EMP0021,2025,10,0,0,1,26,20251001,27,0.0
EMP0021,2025,11,1,1,2,21,20251101,25,6.0
EMP0021,2025,12,2,0,1,24,20251201,27,7.41
EMP0021,2026,1,1,2,0,24,20260101,27,7.41
EMP0021,2026,2,1,0,0,23,20260201,24,4.17
EMP0021,2026,3,0,0,0,26,20260301,26,0.0
EMP0021,2026,4,1,0,1,24,20260401,26,3.85
EMP0021,2026,5,1,0,0,25,20260501,26,3.85
EMP0021,2026,6,1,0,0,25,20260601,26,3.85
EMP0021,2026,7,1,0,0,15,20260701,16,6.25
EMP0022,2025,8,1,1,0,24,20250801,26,5.77
EMP0022,2025,9,1,0,1,24,20250901,26,3.85
EMP0022,2025,10,1,3,0,23,20251001,27,9.26
EMP0022,2025,11,1,0,0,24,20251101,25,4.0
EMP0022,2025,12,0,0,2,25,20251201,27,0.0
EMP0022,2026,1,0,2,1,24,20260101,27,3.7
EMP0022,2026,2,0,1,0,23,20260201,24,2.08
EMP0022,2026,3,1,1,1,23,20260301,26,5.77
EMP0022,2026,4,1,0,0,25,20260401,26,3.85
EMP0022,2026,5,1,1,0,24,20260501,26,5.77
EMP0022,2026,6,1,1,0,24,20260601,26,5.77
EMP0022,2026,7,2,0,0,14,20260701,16,12.5
EMP0023,2025,9,0,0,0,3,20250901,3,0.0
EMP0023,2025,10,2,0,2,23,20251001,27,7.41
EMP0023,2025,11,0,0,2,23,20251101,25,0.0
EMP0023,2025,12,2,0,1,24,20251201,27,7.41
EMP0023,2026,1,0,2,0,25,20260101,27,3.7
EMP0023,2026,2,0,0,0,24,20260201,24,0.0
EMP0023,2026,3,1,0,2,23,20260301,26,3.85
EMP0023,2026,4,0,0,1,25,20260401,26,0.0
EMP0023,2026,5,0,2,0,24,20260501,26,3.85
EMP0023,2026,6,0,0,1,25,20260601,26,0.0
EMP0023,2026,7,0,0,0,16,20260701,16,0.0
EMP0024,2025,8,2,1,1,22,20250801,26,9.62
EMP0024,2025,9,0,0,0,26,20250901,26,0.0
EMP0024,2025,10,1,0,0,26,20251001,27,3.7
EMP0024,2025,11,0,2,1,22,20251101,25,4.0
EMP0024,2025,12,2,2,1,22,20251201,27,11.11
EMP0024,2026,1,1,1,1,24,20260101,27,5.56
EMP0024,2026,2,1,1,0,22,20260201,24,6.25
EMP0024,2026,3,0,1,1,24,20260301,26,1.92
EMP0024,2026,4,1,1,0,24,20260401,26,5.77
EMP0024,2026,5,1,1,0,24,20260501,26,5.77
EMP0024,2026,6,1,0,0,25,20260601,26,3.85
EMP0024,2026,7,1,0,1,14,20260701,16,6.25
EMP0025,2025,8,1,0,0,25,20250801,26,3.85
EMP0025,2025,9,0,0,1,25,20250901,26,0.0
EMP0025,2025,10,1,0,0,26,20251001,27,3.7
EMP0025,2025,11,0,1,0,24,20251101,25,2.0
EMP0025,2025,12,0,0,0,27,20251201,27,0.0
EMP0025,2026,1,0,2,0,25,20260101,27,3.7
EMP0025,2026,2,0,0,0,24,20260201,24,0.0
EMP0025,2026,3,0,0,1,25,20260301,26,0.0
EMP0025,2026,4,0,0,0,26,20260401,26,0.0
EMP0025,2026,5,2,0,0,24,20260501,26,7.69
EMP0025,2026,6,0,2,1,23,20260601,26,3.85
EMP0025,2026,7,1,0,1,14,20260701,16,6.25
EMP0026,2025,8,0,0,0,26,20250801,26,0.0
EMP0026,2025,9,0,0,1,25,20250901,26,0.0
EMP0026,2025,10,2,0,1,24,20251001,27,7.41
EMP0026,2025,11,1,0,0,24,20251101,25,4.0
EMP0026,2025,12,1,1,0,25,20251201,27,5.56
EMP0026,2026,1,2,0,0,25,20260101,27,7.41
EMP0026,2026,2,0,1,0,23,20260201,24,2.08
EMP0026,2026,3,1,0,0,25,20260301,26,3.85
EMP0026,2026,4,2,0,0,24,20260401,26,7.69
EMP0026,2026,5,0,1,1,24,20260501,26,1.92
EMP0026,2026,6,2,1,0,23,20260601,26,9.62
EMP0026,2026,7,0,1,0,15,20260701,16,3.12
EMP0027,2025,11,0,0,2,20,20251101,22,0.0
EMP0027,2025,12,1,2,0,24,20251201,27,7.41
EMP0027,2026,1,1,4,1,21,20260101,27,11.11
EMP0027,2026,2,1,0,0,23,20260201,24,4.17
EMP0027,2026,3,0,0,0,26,20260301,26,0.0
EMP0027,2026,4,1,0,0,25,20260401,26,3.85
EMP0027,2026,5,0,0,1,25,20260501,26,0.0
EMP0027,2026,6,0,0,0,26,20260601,26,0.0
EMP0027,2026,7,2,0,1,13,20260701,16,12.5
EMP0028,2025,8,0,2,1,23,20250801,26,3.85
EMP0028,2025,9,1,0,0,25,20250901,26,3.85
EMP0028,2025,10,1,1,1,24,20251001,27,5.56
EMP0028,2025,11,1,1,1,22,20251101,25,6.0
EMP0028,2025,12,1,2,0,24,20251201,27,7.41
EMP0028,2026,1,1,1,0,25,20260101,27,5.56
EMP0028,2026,2,0,1,1,22,20260201,24,2.08
EMP0028,2026,3,0,2,0,24,20260301,26,3.85
EMP0028,2026,4,0,0,0,26,20260401,26,0.0
EMP0028,2026,5,0,1,0,25,20260501,26,1.92
EMP0028,2026,6,0,1,0,25,20260601,26,1.92
EMP0028,2026,7,1,1,0,14,20260701,16,9.38
EMP0029,2025,8,0,1,0,25,20250801,26,1.92
EMP0029,2025,9,1,1,1,23,20250901,26,5.77
EMP0029,2025,10,1,0,0,26,20251001,27,3.7
EMP0029,2025,11,0,3,0,22,20251101,25,6.0
EMP0029,2025,12,1,0,1,25,20251201,27,3.7
EMP0029,2026,1,0,1,2,24,20260101,27,1.85
EMP0029,2026,2,2,0,1,21,20260201,24,8.33
EMP0029,2026,3,0,0,0,26,20260301,26,0.0
EMP0029,2026,4,1,0,0,25,20260401,26,3.85
EMP0029,2026,5,0,1,1,24,20260501,26,1.92
EMP0029,2026,6,1,0,0,25,20260601,26,3.85
EMP0029,2026,7,1,0,0,15,20260701,16,6.25
EMP0030,2025,8,0,0,0,26,20250801,26,0.0
EMP0030,2025,9,0,1,0,25,20250901,26,1.92
EMP0030,2025,10,1,1,0,25,20251001,27,5.56
EMP0030,2025,11,0,1,3,21,20251101,25,2.0
EMP0030,2025,12,0,0,1,26,20251201,27,0.0
EMP0030,2026,1,2,0,0,25,20260101,27,7.41
EMP0030,2026,2,0,0,1,23,20260201,24,0.0
EMP0030,2026,3,1,1,0,24,20260301,26,5.77
EMP0030,2026,4,1,0,2,23,20260401,26,3.85
EMP0030,2026,5,2,0,0,24,20260501,26,7.69
EMP0030,2026,6,1,1,0,24,20260601,26,5.77
EMP0030,2026,7,0,0,0,16,20260701,16,0.0
EMP0031,2025,8,1,2,3,20,20250801,26,7.69
EMP0031,2025,9,2,2,1,21,20250901,26,11.54
EMP0031,2025,10,1,2,0,24,20251001,27,7.41
EMP0031,2025,11,1,2,0,22,20251101,25,8.0
EMP0031,2025,12,1,0,0,26,20251201,27,3.7
EMP0031,2026,1,0,2,0,25,20260101,27,3.7
EMP0031,2026,2,3,1,0,20,20260201,24,14.58
EMP0031,2026,3,1,0,0,25,20260301,26,3.85
EMP0031,2026,4,0,2,0,24,20260401,26,3.85
EMP0031,2026,5,1,0,0,25,20260501,26,3.85
EMP0031,2026,6,3,0,1,22,20260601,26,11.54
EMP0031,2026,7,0,0,0,16,20260701,16,0.0
EMP0032,2025,8,1,1,0,24,20250801,26,5.77
EMP0032,2025,9,2,0,1,23,20250901,26,7.69
EMP0032,2025,10,1,2,0,24,20251001,27,7.41
EMP0032,2025,11,0,2,0,23,20251101,25,4.0
EMP0032,2025,12,4,0,1,22,20251201,27,14.81
EMP0032,2026,1,1,0,2,24,20260101,27,3.7
EMP0032,2026,2,0,1,0,23,20260201,24,2.08
EMP0032,2026,3,0,0,2,24,20260301,26,0.0
EMP0032,2026,4,0,1,0,25,20260401,26,1.92
EMP0032,2026,5,3,0,0,23,20260501,26,11.54
EMP0032,2026,6,1,0,0,25,20260601,26,3.85
EMP0032,2026,7,2,0,0,14,20260701,16,12.5
EMP0033,2025,8,2,1,1,22,20250801,26,9.62
EMP0033,2025,9,1,0,0,25,20250901,26,3.85
EMP0033,2025,10,3,1,0,23,20251001,27,12.96
EMP0033,2025,11,0,3,0,22,20251101,25,6.0
EMP0033,2025,12,2,2,1,22,20251201,27,11.11
EMP0033,2026,1,0,1,0,26,20260101,27,1.85
EMP0033,2026,2,1,0,1,22,20260201,24,4.17
EMP0033,2026,3,0,1,2,23,20260301,26,1.92
EMP0033,2026,4,0,0,0,26,20260401,26,0.0
EMP0033,2026,5,0,2,0,24,20260501,26,3.85
EMP0033,2026,6,1,0,2,23,20260601,26,3.85
EMP0033,2026,7,0,1,0,15,20260701,16,3.12
EMP0034,2025,8,1,0,0,25,20250801,26,3.85
EMP0034,2025,9,0,1,2,23,20250901,26,1.92
EMP0034,2025,10,0,1,0,26,20251001,27,1.85
EMP0034,2025,11,0,1,0,24,20251101,25,2.0
EMP0034,2025,12,0,0,0,27,20251201,27,0.0
EMP0034,2026,1,0,0,1,26,20260101,27,0.0
EMP0034,2026,2,0,0,1,23,20260201,24,0.0
EMP0034,2026,3,0,1,0,25,20260301,26,1.92
EMP0034,2026,4,1,1,0,24,20260401,26,5.77
EMP0034,2026,5,0,0,0,26,20260501,26,0.0
EMP0034,2026,6,0,0,0,26,20260601,26,0.0
EMP0034,2026,7,0,0,0,16,20260701,16,0.0
EMP0035,2025,8,0,0,1,25,20250801,26,0.0
EMP0035,2025,9,1,0,0,25,20250901,26,3.85
EMP0035,2025,10,0,0,1,26,20251001,27,0.0
EMP0035,2025,11,0,1,1,23,20251101,25,2.0
EMP0035,2025,12,0,0,0,27,20251201,27,0.0
EMP0035,2026,1,0,2,1,24,20260101,27,3.7
EMP0035,2026,2,1,0,0,23,20260201,24,4.17
EMP0035,2026,3,2,0,0,24,20260301,26,7.69
EMP0035,2026,4,0,0,1,25,20260401,26,0.0
EMP0035,2026,5,0,0,1,25,20260501,26,0.0
EMP0035,2026,6,0,0,3,23,20260601,26,0.0
EMP0035,2026,7,0,0,0,16,20260701,16,0.0
EMP0036,2025,8,2,1,0,23,20250801,26,9.62
EMP0036,2025,9,0,3,1,22,20250901,26,5.77
EMP0036,2025,10,0,2,0,25,20251001,27,3.7
EMP0036,2025,11,0,0,0,25,20251101,25,0.0
EMP0036,2025,12,0,1,1,25,20251201,27,1.85
EMP0036,2026,1,3,0,2,22,20260101,27,11.11
EMP0036,2026,2,0,2,1,21,20260201,24,4.17
EMP0036,2026,3,2,2,0,22,20260301,26,11.54
EMP0036,2026,4,1,0,3,22,20260401,26,3.85
EMP0036,2026,5,0,1,0,25,20260501,26,1.92
EMP0036,2026,6,0,0,1,25,20260601,26,0.0
EMP0036,2026,7,0,0,0,16,20260701,16,0.0
EMP0037,2025,8,1,0,0,25,20250801,26,3.85
EMP0037,2025,9,0,0,0,26,20250901,26,0.0
EMP0037,2025,10,1,0,0,26,20251001,27,3.7
EMP0037,2025,11,0,0,0,25,20251101,25,0.0
EMP0037,2025,12,0,0,3,24,20251201,27,0.0
EMP0037,2026,1,0,0,0,27,20260101,27,0.0
EMP0037,2026,2,3,1,1,19,20260201,24,14.58
EMP0037,2026,3,0,0,0,26,20260301,26,0.0
EMP0037,2026,4,0,0,1,25,20260401,26,0.0
EMP0037,2026,5,1,0,1,24,20260501,26,3.85
EMP0037,2026,6,2,2,1,21,20260601,26,11.54
EMP0037,2026,7,0,1,0,15,20260701,16,3.12
EMP0038,2025,8,0,0,0,26,20250801,26,0.0
EMP0038,2025,9,0,0,0,26,20250901,26,0.0
EMP0038,2025,10,0,0,0,27,20251001,27,0.0
EMP0038,2025,11,0,0,2,23,20251101,25,0.0
EMP0038,2025,12,0,1,1,25,20251201,27,1.85
EMP0038,2026,1,0,0,0,27,20260101,27,0.0
EMP0038,2026,2,0,0,1,23,20260201,24,0.0
EMP0038,2026,3,1,0,0,25,20260301,26,3.85
EMP0038,2026,4,0,0,0,26,20260401,26,0.0
EMP0038,2026,5,0,1,1,24,20260501,26,1.92
EMP0038,2026,6,1,0,0,25,20260601,26,3.85
EMP0038,2026,7,0,0,0,16,20260701,16,0.0
EMP0039,2025,8,1,0,1,24,20250801,26,3.85
EMP0039,2025,9,2,0,1,23,20250901,26,7.69
EMP0039,2025,10,0,2,0,25,20251001,27,3.7
EMP0039,2025,11,0,1,0,24,20251101,25,2.0
EMP0039,2025,12,0,0,0,27,20251201,27,0.0
EMP0039,2026,1,0,0,1,26,20260101,27,0.0
EMP0039,2026,2,1,0,0,23,20260201,24,4.17
EMP0039,2026,3,1,0,1,24,20260301,26,3.85
EMP0039,2026,4,2,1,0,23,20260401,26,9.62
EMP0039,2026,5,0,0,0,26,20260501,26,0.0
EMP0039,2026,6,1,1,0,24,20260601,26,5.77
EMP0039,2026,7,1,1,0,14,20260701,16,9.38
EMP0040,2025,8,1,0,0,25,20250801,26,3.85
EMP0040,2025,9,0,0,0,26,20250901,26,0.0
EMP0040,2025,10,0,0,1,26,20251001,27,0.0
EMP0040,2025,11,0,0,0,25,20251101,25,0.0
EMP0040,2025,12,1,0,0,26,20251201,27,3.7
EMP0040,2026,1,0,0,0,27,20260101,27,0.0
EMP0040,2026,2,0,1,0,23,20260201,24,2.08
EMP0040,2026,3,0,0,0,26,20260301,26,0.0
EMP0040,2026,4,0,1,0,25,20260401,26,1.92
EMP0040,2026,5,0,1,0,25,20260501,26,1.92
EMP0040,2026,6,2,0,2,22,20260601,26,7.69
EMP0040,2026,7,0,1,0,15,20260701,16,3.12
EMP0041,2025,8,0,1,1,24,20250801,26,1.92
EMP0041,2025,9,0,2,1,23,20250901,26,3.85
EMP0041,2025,10,1,0,2,24,20251001,27,3.7
EMP0041,2025,11,1,0,0,24,20251101,25,4.0
EMP0041,2025,12,0,1,1,25,20251201,27,1.85
EMP0041,2026,1,0,2,1,24,20260101,27,3.7
EMP0041,2026,2,0,1,1,22,20260201,24,2.08
EMP0041,2026,3,0,0,0,26,20260301,26,0.0
EMP0041,2026,4,2,0,2,22,20260401,26,7.69
EMP0041,2026,5,3,1,0,22,20260501,26,13.46
EMP0041,2026,6,1,1,0,24,20260601,26,5.77
EMP0041,2026,7,0,2,1,13,20260701,16,6.25
EMP0042,2025,8,2,0,0,24,20250801,26,7.69
EMP0042,2025,9,1,1,0,24,20250901,26,5.77
EMP0042,2025,10,1,1,1,24,20251001,27,5.56
EMP0042,2025,11,1,0,0,24,20251101,25,4.0
EMP0042,2025,12,0,0,0,27,20251201,27,0.0
EMP0042,2026,1,2,1,0,24,20260101,27,9.26
EMP0042,2026,2,2,0,0,22,20260201,24,8.33
EMP0042,2026,3,2,1,0,23,20260301,26,9.62
EMP0042,2026,4,0,2,2,22,20260401,26,3.85
EMP0042,2026,5,3,0,0,23,20260501,26,11.54
EMP0042,2026,6,1,1,1,23,20260601,26,5.77
EMP0042,2026,7,0,0,0,16,20260701,16,0.0
EMP0043,2025,8,0,0,0,26,20250801,26,0.0
EMP0043,2025,9,0,2,2,22,20250901,26,3.85
EMP0043,2025,10,0,0,1,26,20251001,27,0.0
EMP0043,2025,11,0,0,1,24,20251101,25,0.0
EMP0043,2025,12,0,1,1,25,20251201,27,1.85
EMP0043,2026,1,1,0,2,24,20260101,27,3.7
EMP0043,2026,2,0,2,0,22,20260201,24,4.17
EMP0043,2026,3,2,1,0,23,20260301,26,9.62
EMP0043,2026,4,1,0,0,25,20260401,26,3.85
EMP0043,2026,5,1,0,1,24,20260501,26,3.85
EMP0043,2026,6,1,2,0,23,20260601,26,7.69
EMP0043,2026,7,0,0,1,15,20260701,16,0.0
EMP0044,2025,8,0,1,0,25,20250801,26,1.92
EMP0044,2025,9,0,0,0,26,20250901,26,0.0
EMP0044,2025,10,1,0,1,25,20251001,27,3.7
EMP0044,2025,11,1,1,1,22,20251101,25,6.0
EMP0044,2025,12,0,0,1,26,20251201,27,0.0
EMP0044,2026,1,0,0,0,27,20260101,27,0.0
EMP0044,2026,2,0,0,0,24,20260201,24,0.0
EMP0044,2026,3,0,1,0,25,20260301,26,1.92
EMP0044,2026,4,0,1,0,25,20260401,26,1.92
EMP0044,2026,5,0,1,0,25,20260501,26,1.92
EMP0044,2026,6,1,0,1,24,20260601,26,3.85
EMP0044,2026,7,0,0,0,16,20260701,16,0.0
EMP0045,2025,12,0,0,2,25,20251201,27,0.0
EMP0045,2026,1,0,0,0,27,20260101,27,0.0
EMP0045,2026,2,1,1,0,22,20260201,24,6.25
EMP0045,2026,3,1,0,0,25,20260301,26,3.85
EMP0045,2026,4,0,0,1,25,20260401,26,0.0
EMP0045,2026,5,0,0,0,26,20260501,26,0.0
EMP0045,2026,6,0,0,2,24,20260601,26,0.0
EMP0045,2026,7,2,0,0,14,20260701,16,12.5
EMP0046,2025,8,3,1,1,21,20250801,26,13.46
EMP0046,2025,9,1,0,0,25,20250901,26,3.85
EMP0046,2025,10,0,0,1,26,20251001,27,0.0
EMP0046,2025,11,1,0,1,23,20251101,25,4.0
EMP0046,2025,12,2,1,2,22,20251201,27,9.26
EMP0046,2026,1,0,1,0,26,20260101,27,1.85
EMP0046,2026,2,0,0,1,23,20260201,24,0.0
EMP0046,2026,3,1,1,0,24,20260301,26,5.77
EMP0046,2026,4,0,0,0,26,20260401,26,0.0
EMP0046,2026,5,2,1,0,23,20260501,26,9.62
EMP0046,2026,6,0,0,1,25,20260601,26,0.0
EMP0046,2026,7,0,1,0,15,20260701,16,3.12
EMP0047,2025,8,0,1,2,23,20250801,26,1.92
EMP0047,2025,9,0,0,0,26,20250901,26,0.0
EMP0047,2025,10,0,0,0,27,20251001,27,0.0
EMP0047,2025,11,1,0,2,22,20251101,25,4.0
EMP0047,2025,12,0,0,0,27,20251201,27,0.0
EMP0047,2026,1,0,1,0,26,20260101,27,1.85
EMP0047,2026,2,0,2,0,22,20260201,24,4.17
EMP0047,2026,3,0,0,2,24,20260301,26,0.0
EMP0047,2026,4,0,0,1,25,20260401,26,0.0
EMP0047,2026,5,1,0,0,25,20260501,26,3.85
EMP0047,2026,6,3,0,0,23,20260601,26,11.54
EMP0047,2026,7,0,0,1,15,20260701,16,0.0
EMP0048,2025,8,0,1,2,23,20250801,26,1.92
EMP0048,2025,9,2,0,0,24,20250901,26,7.69
EMP0048,2025,10,0,1,1,25,20251001,27,1.85
EMP0048,2025,11,1,1,1,22,20251101,25,6.0
EMP0048,2025,12,1,0,1,25,20251201,27,3.7
EMP0048,2026,1,0,1,0,26,20260101,27,1.85
EMP0048,2026,2,0,0,0,24,20260201,24,0.0
EMP0048,2026,3,1,1,1,23,20260301,26,5.77
EMP0048,2026,4,0,0,0,26,20260401,26,0.0
EMP0048,2026,5,1,0,1,24,20260501,26,3.85
EMP0048,2026,6,1,1,1,23,20260601,26,5.77
EMP0048,2026,7,0,0,1,15,20260701,16,0.0
EMP0049,2025,8,0,0,2,24,20250801,26,0.0
EMP0049,2025,9,0,0,2,24,20250901,26,0.0
EMP0049,2025,10,0,0,0,27,20251001,27,0.0
EMP0049,2025,11,1,0,1,23,20251101,25,4.0
EMP0049,2025,12,0,1,0,26,20251201,27,1.85
EMP0049,2026,1,0,1,0,26,20260101,27,1.85
EMP0049,2026,2,0,0,0,24,20260201,24,0.0
EMP0049,2026,3,2,0,0,24,20260301,26,7.69
EMP0049,2026,4,1,0,0,25,20260401,26,3.85
EMP0049,2026,5,0,0,2,24,20260501,26,0.0
EMP0049,2026,6,1,0,0,25,20260601,26,3.85
EMP0049,2026,7,1,0,1,14,20260701,16,6.25
EMP0050,2025,8,0,0,2,24,20250801,26,0.0
EMP0050,2025,9,0,1,1,24,20250901,26,1.92
EMP0050,2025,10,0,0,1,26,20251001,27,0.0
EMP0050,2025,11,0,1,0,24,20251101,25,2.0
EMP0050,2025,12,1,0,2,24,20251201,27,3.7
EMP0050,2026,1,1,2,1,23,20260101,27,7.41
EMP0050,2026,2,0,2,0,22,20260201,24,4.17
EMP0050,2026,3,1,2,0,23,20260301,26,7.69
EMP0050,2026,4,0,1,1,24,20260401,26,1.92
EMP0050,2026,5,2,1,0,23,20260501,26,9.62
EMP0050,2026,6,2,0,0,24,20260601,26,7.69
EMP0050,2026,7,0,0,0,16,20260701,16,0.0
EMP0051,2025,8,1,0,2,23,20250801,26,3.85
EMP0051,2025,9,3,0,0,23,20250901,26,11.54
EMP0051,2025,10,3,2,0,22,20251001,27,14.81
EMP0051,2025,11,1,0,0,24,20251101,25,4.0
EMP0051,2025,12,0,0,1,26,20251201,27,0.0
EMP0051,2026,1,0,1,1,25,20260101,27,1.85
EMP0051,2026,2,2,0,1,21,20260201,24,8.33
EMP0051,2026,3,2,0,0,24,20260301,26,7.69
EMP0051,2026,4,0,0,1,25,20260401,26,0.0
EMP0051,2026,5,0,1,1,24,20260501,26,1.92
EMP0051,2026,6,1,0,0,25,20260601,26,3.85
EMP0051,2026,7,0,0,0,16,20260701,16,0.0
EMP0052,2025,8,1,1,0,24,20250801,26,5.77
EMP0052,2025,9,2,0,3,21,20250901,26,7.69
EMP0052,2025,10,2,0,0,25,20251001,27,7.41
EMP0052,2025,11,1,0,1,23,20251101,25,4.0
EMP0052,2025,12,0,0,3,24,20251201,27,0.0
EMP0052,2026,1,1,2,0,24,20260101,27,7.41
EMP0052,2026,2,2,0,0,22,20260201,24,8.33
EMP0052,2026,3,1,0,2,23,20260301,26,3.85
EMP0052,2026,4,0,2,2,22,20260401,26,3.85
EMP0052,2026,5,0,1,0,25,20260501,26,1.92
EMP0052,2026,6,0,0,1,25,20260601,26,0.0
EMP0052,2026,7,2,0,0,14,20260701,16,12.5
EMP0053,2025,8,1,1,0,24,20250801,26,5.77
EMP0053,2025,9,0,0,1,25,20250901,26,0.0
EMP0053,2025,10,0,0,0,27,20251001,27,0.0
EMP0053,2025,11,1,0,0,24,20251101,25,4.0
EMP0053,2025,12,0,0,1,26,20251201,27,0.0
EMP0053,2026,1,0,1,0,26,20260101,27,1.85
EMP0053,2026,2,0,1,1,22,20260201,24,2.08
EMP0053,2026,3,0,0,0,26,20260301,26,0.0
EMP0053,2026,4,2,1,3,20,20260401,26,9.62
EMP0053,2026,5,1,1,0,24,20260501,26,5.77
EMP0053,2026,6,4,0,0,22,20260601,26,15.38
EMP0053,2026,7,0,0,0,16,20260701,16,0.0
EMP0054,2025,8,0,0,0,26,20250801,26,0.0
EMP0054,2025,9,0,0,0,26,20250901,26,0.0
EMP0054,2025,10,0,0,0,27,20251001,27,0.0
EMP0054,2025,11,0,0,0,25,20251101,25,0.0
EMP0054,2025,12,1,2,0,24,20251201,27,7.41
EMP0054,2026,1,0,1,1,25,20260101,27,1.85
EMP0054,2026,2,2,0,0,22,20260201,24,8.33
EMP0054,2026,3,0,1,1,24,20260301,26,1.92
EMP0054,2026,4,0,0,3,23,20260401,26,0.0
EMP0054,2026,5,1,0,0,25,20260501,26,3.85
EMP0054,2026,6,1,0,0,25,20260601,26,3.85
EMP0054,2026,7,0,0,0,16,20260701,16,0.0
EMP0055,2025,8,1,0,1,24,20250801,26,3.85
EMP0055,2025,9,1,0,0,25,20250901,26,3.85
EMP0055,2025,10,2,3,1,21,20251001,27,12.96
EMP0055,2025,11,1,1,0,23,20251101,25,6.0
EMP0055,2025,12,2,0,0,25,20251201,27,7.41
EMP0055,2026,1,1,0,0,26,20260101,27,3.7
EMP0055,2026,2,0,0,1,23,20260201,24,0.0
EMP0055,2026,3,0,0,1,25,20260301,26,0.0
EMP0055,2026,4,0,1,0,25,20260401,26,1.92
EMP0055,2026,5,0,0,0,26,20260501,26,0.0
EMP0055,2026,6,1,0,0,25,20260601,26,3.85
EMP0055,2026,7,0,0,0,16,20260701,16,0.0
EMP0056,2025,8,4,0,1,21,20250801,26,15.38
EMP0056,2025,9,2,0,0,24,20250901,26,7.69
EMP0056,2025,10,2,1,0,24,20251001,27,9.26
EMP0056,2025,11,2,1,0,22,20251101,25,10.0
EMP0056,2025,12,1,2,0,24,20251201,27,7.41
EMP0056,2026,1,3,0,0,24,20260101,27,11.11
EMP0056,2026,2,2,1,0,21,20260201,24,10.42
EMP0056,2026,3,1,0,2,23,20260301,26,3.85
EMP0056,2026,4,1,0,1,24,20260401,26,3.85
EMP0056,2026,5,1,0,1,24,20260501,26,3.85
EMP0056,2026,6,0,0,0,26,20260601,26,0.0
EMP0056,2026,7,1,1,0,14,20260701,16,9.38
EMP0057,2025,8,1,0,0,25,20250801,26,3.85
EMP0057,2025,9,0,2,2,22,20250901,26,3.85
EMP0057,2025,10,0,1,0,26,20251001,27,1.85
EMP0057,2025,11,0,2,1,22,20251101,25,4.0
EMP0057,2025,12,2,0,0,25,20251201,27,7.41
EMP0057,2026,1,1,0,0,26,20260101,27,3.7
EMP0057,2026,2,0,1,0,23,20260201,24,2.08
EMP0057,2026,3,1,0,0,25,20260301,26,3.85
EMP0057,2026,4,0,1,1,24,20260401,26,1.92
EMP0057,2026,5,0,1,0,25,20260501,26,1.92
EMP0057,2026,6,1,0,1,24,20260601,26,3.85
EMP0057,2026,7,1,0,2,13,20260701,16,6.25
EMP0058,2025,8,1,0,0,25,20250801,26,3.85
EMP0058,2025,9,1,0,0,25,20250901,26,3.85
EMP0058,2025,10,1,0,0,26,20251001,27,3.7
EMP0058,2025,11,0,0,0,25,20251101,25,0.0
EMP0058,2025,12,1,1,1,24,20251201,27,5.56
EMP0058,2026,1,0,0,1,26,20260101,27,0.0
EMP0058,2026,2,1,0,0,23,20260201,24,4.17
EMP0058,2026,3,2,0,0,24,20260301,26,7.69
EMP0058,2026,4,0,0,0,26,20260401,26,0.0
EMP0058,2026,5,0,0,1,25,20260501,26,0.0
EMP0058,2026,6,1,0,0,25,20260601,26,3.85
EMP0058,2026,7,1,1,0,14,20260701,16,9.38
EMP0059,2025,8,0,2,0,24,20250801,26,3.85
EMP0059,2025,9,2,1,2,21,20250901,26,9.62
EMP0059,2025,10,2,2,1,22,20251001,27,11.11
EMP0059,2025,11,0,0,1,24,20251101,25,0.0
EMP0059,2025,12,1,0,0,26,20251201,27,3.7
EMP0059,2026,1,2,1,0,24,20260101,27,9.26
EMP0059,2026,2,0,0,0,24,20260201,24,0.0
EMP0059,2026,3,3,2,0,21,20260301,26,15.38
EMP0059,2026,4,0,0,0,26,20260401,26,0.0
EMP0059,2026,5,2,1,1,22,20260501,26,9.62
EMP0059,2026,6,0,0,2,24,20260601,26,0.0
EMP0059,2026,7,0,0,1,15,20260701,16,0.0
EMP0060,2025,8,1,0,0,25,20250801,26,3.85
EMP0060,2025,9,0,0,0,26,20250901,26,0.0
EMP0060,2025,10,0,1,1,25,20251001,27,1.85
EMP0060,2025,11,1,0,0,24,20251101,25,4.0
EMP0060,2025,12,1,0,1,25,20251201,27,3.7
EMP0060,2026,1,2,0,1,24,20260101,27,7.41
EMP0060,2026,2,0,0,1,23,20260201,24,0.0
EMP0060,2026,3,0,1,0,25,20260301,26,1.92
EMP0060,2026,4,1,0,1,24,20260401,26,3.85
EMP0060,2026,5,0,0,1,25,20260501,26,0.0
EMP0060,2026,6,2,1,1,22,20260601,26,9.62
EMP0060,2026,7,1,0,0,15,20260701,16,6.25
EMP0061,2025,8,2,0,1,23,20250801,26,7.69
EMP0061,2025,9,1,0,1,24,20250901,26,3.85
EMP0061,2025,10,0,1,1,25,20251001,27,1.85
EMP0061,2025,11,1,1,1,22,20251101,25,6.0
EMP0061,2025,12,0,0,1,26,20251201,27,0.0
EMP0061,2026,1,1,0,1,25,20260101,27,3.7
EMP0061,2026,2,0,1,0,23,20260201,24,2.08
EMP0061,2026,3,1,0,0,25,20260301,26,3.85
EMP0061,2026,4,3,0,0,23,20260401,26,11.54
EMP0061,2026,5,2,0,0,24,20260501,26,7.69
EMP0061,2026,6,1,0,0,25,20260601,26,3.85
EMP0061,2026,7,0,0,0,16,20260701,16,0.0
EMP0062,2025,8,0,1,2,23,20250801,26,1.92
EMP0062,2025,9,1,0,0,25,20250901,26,3.85
EMP0062,2025,10,0,1,0,26,20251001,27,1.85
EMP0062,2025,11,0,0,0,25,20251101,25,0.0
EMP0062,2025,12,1,0,0,26,20251201,27,3.7
EMP0062,2026,1,0,1,1,25,20260101,27,1.85
EMP0062,2026,2,1,1,1,21,20260201,24,6.25
EMP0062,2026,3,1,2,1,22,20260301,26,7.69
EMP0062,2026,4,0,1,1,24,20260401,26,1.92
EMP0062,2026,5,2,0,0,24,20260501,26,7.69
EMP0062,2026,6,1,2,1,22,20260601,26,7.69
EMP0062,2026,7,0,0,0,16,20260701,16,0.0
EMP0063,2025,8,0,1,1,24,20250801,26,1.92
EMP0063,2025,9,0,0,0,26,20250901,26,0.0
EMP0063,2025,10,0,3,0,24,20251001,27,5.56
EMP0063,2025,11,0,0,1,24,20251101,25,0.0
EMP0063,2025,12,0,0,0,27,20251201,27,0.0
EMP0063,2026,1,1,1,0,25,20260101,27,5.56
EMP0063,2026,2,1,1,1,21,20260201,24,6.25
EMP0063,2026,3,1,0,0,25,20260301,26,3.85
EMP0063,2026,4,0,0,1,25,20260401,26,0.0
EMP0063,2026,5,1,0,1,24,20260501,26,3.85
EMP0063,2026,6,1,1,0,24,20260601,26,5.77
EMP0063,2026,7,0,1,0,15,20260701,16,3.12
EMP0064,2025,8,1,0,1,24,20250801,26,3.85
EMP0064,2025,9,2,0,0,24,20250901,26,7.69
EMP0064,2025,10,1,0,0,26,20251001,27,3.7
EMP0064,2025,11,2,0,2,21,20251101,25,8.0
EMP0064,2025,12,0,0,0,27,20251201,27,0.0
EMP0064,2026,1,0,0,1,26,20260101,27,0.0
EMP0064,2026,2,0,0,1,23,20260201,24,0.0
EMP0064,2026,3,0,1,0,25,20260301,26,1.92
EMP0064,2026,4,0,1,1,24,20260401,26,1.92
EMP0064,2026,5,0,3,0,23,20260501,26,5.77
EMP0064,2026,6,2,1,2,21,20260601,26,9.62
EMP0064,2026,7,0,0,0,16,20260701,16,0.0
EMP0065,2025,8,0,2,1,23,20250801,26,3.85
EMP0065,2025,9,2,0,0,24,20250901,26,7.69
EMP0065,2025,10,4,1,0,22,20251001,27,16.67
EMP0065,2025,11,1,2,0,22,20251101,25,8.0
EMP0065,2025,12,2,1,1,23,20251201,27,9.26
EMP0065,2026,1,2,2,1,22,20260101,27,11.11
EMP0065,2026,2,0,2,2,20,20260201,24,4.17
EMP0065,2026,3,0,0,0,26,20260301,26,0.0
EMP0065,2026,4,1,0,1,24,20260401,26,3.85
EMP0065,2026,5,0,1,0,25,20260501,26,1.92
EMP0065,2026,6,1,2,2,21,20260601,26,7.69
EMP0065,2026,7,1,2,0,13,20260701,16,12.5
EMP0066,2025,8,1,1,1,23,20250801,26,5.77
EMP0066,2025,9,0,1,1,24,20250901,26,1.92
EMP0066,2025,10,1,4,1,21,20251001,27,11.11
EMP0066,2025,11,1,1,0,23,20251101,25,6.0
EMP0066,2025,12,3,0,0,24,20251201,27,11.11
EMP0066,2026,1,1,1,0,25,20260101,27,5.56
EMP0066,2026,2,0,1,2,21,20260201,24,2.08
EMP0066,2026,3,0,0,1,25,20260301,26,0.0
EMP0066,2026,4,1,0,1,24,20260401,26,3.85
EMP0066,2026,5,2,1,0,23,20260501,26,9.62
EMP0066,2026,6,0,2,1,23,20260601,26,3.85
EMP0066,2026,7,3,0,1,12,20260701,16,18.75
EMP0067,2025,8,1,1,0,24,20250801,26,5.77
EMP0067,2025,9,1,0,1,24,20250901,26,3.85
EMP0067,2025,10,1,2,0,24,20251001,27,7.41
EMP0067,2025,11,2,1,0,22,20251101,25,10.0
EMP0067,2025,12,1,0,1,25,20251201,27,3.7
EMP0067,2026,1,1,0,0,26,20260101,27,3.7
EMP0067,2026,2,0,1,2,21,20260201,24,2.08
EMP0067,2026,3,0,0,1,25,20260301,26,0.0
EMP0067,2026,4,0,2,0,24,20260401,26,3.85
EMP0067,2026,5,0,0,2,24,20260501,26,0.0
EMP0067,2026,6,2,1,0,23,20260601,26,9.62
EMP0067,2026,7,2,0,0,14,20260701,16,12.5
EMP0068,2025,8,2,2,0,22,20250801,26,11.54
EMP0068,2025,9,1,0,0,25,20250901,26,3.85
EMP0068,2025,10,0,3,2,22,20251001,27,5.56
EMP0068,2025,11,0,0,0,25,20251101,25,0.0
EMP0068,2025,12,0,0,0,27,20251201,27,0.0
EMP0068,2026,1,0,0,1,26,20260101,27,0.0
EMP0068,2026,2,1,0,3,20,20260201,24,4.17
EMP0068,2026,3,0,0,0,26,20260301,26,0.0
EMP0068,2026,4,2,0,0,24,20260401,26,7.69
EMP0068,2026,5,1,1,1,23,20260501,26,5.77
EMP0068,2026,6,1,1,0,24,20260601,26,5.77
EMP0068,2026,7,1,0,0,15,20260701,16,6.25
EMP0069,2025,8,1,1,2,22,20250801,26,5.77
EMP0069,2025,9,0,1,1,24,20250901,26,1.92
EMP0069,2025,10,0,1,0,26,20251001,27,1.85
EMP0069,2025,11,1,1,2,21,20251101,25,6.0
EMP0069,2025,12,0,1,0,26,20251201,27,1.85
EMP0069,2026,1,0,1,0,26,20260101,27,1.85
EMP0069,2026,2,0,1,0,23,20260201,24,2.08
EMP0069,2026,3,1,0,1,24,20260301,26,3.85
EMP0069,2026,4,0,1,0,25,20260401,26,1.92
EMP0069,2026,5,1,1,0,24,20260501,26,5.77
EMP0069,2026,6,0,0,1,25,20260601,26,0.0
EMP0069,2026,7,0,0,0,16,20260701,16,0.0
EMP0070,2025,8,0,0,0,26,20250801,26,0.0
EMP0070,2025,9,1,1,2,22,20250901,26,5.77
EMP0070,2025,10,0,0,0,27,20251001,27,0.0
EMP0070,2025,11,1,0,2,22,20251101,25,4.0
EMP0070,2025,12,1,1,0,25,20251201,27,5.56
EMP0070,2026,1,0,0,1,26,20260101,27,0.0
EMP0070,2026,2,0,0,0,24,20260201,24,0.0
EMP0070,2026,3,0,0,0,26,20260301,26,0.0
EMP0070,2026,4,1,0,0,25,20260401,26,3.85
EMP0070,2026,5,1,3,0,22,20260501,26,9.62
EMP0070,2026,6,1,0,1,24,20260601,26,3.85
EMP0070,2026,7,0,0,0,16,20260701,16,0.0
EMP0071,2025,8,0,2,0,16,20250801,18,5.56
EMP0071,2025,9,2,1,1,22,20250901,26,9.62
EMP0071,2025,10,0,0,0,27,20251001,27,0.0
EMP0071,2025,11,0,1,0,24,20251101,25,2.0
EMP0071,2025,12,2,1,0,24,20251201,27,9.26
EMP0071,2026,1,1,1,0,25,20260101,27,5.56
EMP0071,2026,2,1,0,0,23,20260201,24,4.17
EMP0071,2026,3,3,0,1,22,20260301,26,11.54
EMP0071,2026,4,2,0,2,22,20260401,26,7.69
EMP0071,2026,5,1,0,1,24,20260501,26,3.85
EMP0071,2026,6,0,0,0,26,20260601,26,0.0
EMP0071,2026,7,0,0,0,16,20260701,16,0.0
EMP0072,2025,8,0,0,1,25,20250801,26,0.0
EMP0072,2025,9,1,0,0,25,20250901,26,3.85
EMP0072,2025,10,1,2,0,24,20251001,27,7.41
EMP0072,2025,11,2,0,1,22,20251101,25,8.0
EMP0072,2025,12,0,2,2,23,20251201,27,3.7
EMP0072,2026,1,0,0,0,27,20260101,27,0.0
EMP0072,2026,2,0,0,1,23,20260201,24,0.0
EMP0072,2026,3,0,0,2,24,20260301,26,0.0
EMP0072,2026,4,0,0,0,26,20260401,26,0.0
EMP0072,2026,5,0,0,0,26,20260501,26,0.0
EMP0072,2026,6,0,0,0,26,20260601,26,0.0
EMP0072,2026,7,0,0,1,15,20260701,16,0.0
EMP0073,2025,8,0,1,0,25,20250801,26,1.92
EMP0073,2025,9,1,1,1,23,20250901,26,5.77
EMP0073,2025,10,2,0,0,25,20251001,27,7.41
EMP0073,2025,11,1,0,0,24,20251101,25,4.0
EMP0073,2025,12,0,0,1,26,20251201,27,0.0
EMP0073,2026,1,1,1,1,24,20260101,27,5.56
EMP0073,2026,2,1,0,2,21,20260201,24,4.17
EMP0073,2026,3,2,1,0,23,20260301,26,9.62
EMP0073,2026,4,4,0,0,22,20260401,26,15.38
EMP0073,2026,5,0,0,1,25,20260501,26,0.0
EMP0073,2026,6,0,0,1,25,20260601,26,0.0
EMP0073,2026,7,1,1,0,14,20260701,16,9.38
EMP0074,2025,8,0,0,0,26,20250801,26,0.0
EMP0074,2025,9,2,0,0,24,20250901,26,7.69
EMP0074,2025,10,2,0,0,25,20251001,27,7.41
EMP0074,2025,11,1,1,0,23,20251101,25,6.0
EMP0074,2025,12,0,1,1,25,20251201,27,1.85
EMP0074,2026,1,1,0,0,26,20260101,27,3.7
EMP0074,2026,2,0,1,0,23,20260201,24,2.08
EMP0074,2026,3,0,0,0,26,20260301,26,0.0
EMP0074,2026,4,0,0,1,25,20260401,26,0.0
EMP0074,2026,5,1,1,2,22,20260501,26,5.77
EMP0074,2026,6,2,1,1,22,20260601,26,9.62
EMP0074,2026,7,2,1,0,13,20260701,16,15.62
EMP0075,2025,8,1,0,0,25,20250801,26,3.85
EMP0075,2025,9,0,1,0,25,20250901,26,1.92
EMP0075,2025,10,1,2,0,24,20251001,27,7.41
EMP0075,2025,11,1,3,1,20,20251101,25,10.0
EMP0075,2025,12,0,0,0,27,20251201,27,0.0
EMP0075,2026,1,1,0,0,26,20260101,27,3.7
EMP0075,2026,2,2,0,0,22,20260201,24,8.33
EMP0075,2026,3,0,0,1,25,20260301,26,0.0
EMP0075,2026,4,1,1,0,24,20260401,26,5.77
EMP0075,2026,5,1,1,0,24,20260501,26,5.77
EMP0075,2026,6,1,2,0,23,20260601,26,7.69
EMP0075,2026,7,0,0,1,15,20260701,16,0.0
EMP0076,2025,8,0,1,0,25,20250801,26,1.92
EMP0076,2025,9,2,1,2,21,20250901,26,9.62
EMP0076,2025,10,1,2,0,24,20251001,27,7.41
EMP0076,2025,11,2,0,0,23,20251101,25,8.0
EMP0076,2025,12,2,1,0,24,20251201,27,9.26
EMP0076,2026,1,0,0,1,26,20260101,27,0.0
EMP0076,2026,2,0,0,0,24,20260201,24,0.0
EMP0076,2026,3,2,1,1,22,20260301,26,9.62
EMP0076,2026,4,1,1,0,24,20260401,26,5.77
EMP0076,2026,5,2,0,2,22,20260501,26,7.69
EMP0076,2026,6,3,1,0,22,20260601,26,13.46
EMP0076,2026,7,0,0,0,16,20260701,16,0.0
EMP0077,2025,8,1,0,0,25,20250801,26,3.85
EMP0077,2025,9,2,2,1,21,20250901,26,11.54
EMP0077,2025,10,1,0,1,25,20251001,27,3.7
EMP0077,2025,11,0,1,0,24,20251101,25,2.0
EMP0077,2025,12,0,1,2,24,20251201,27,1.85
EMP0077,2026,1,0,0,1,26,20260101,27,0.0
EMP0077,2026,2,3,1,2,18,20260201,24,14.58
EMP0077,2026,3,2,1,0,23,20260301,26,9.62
EMP0077,2026,4,1,3,0,22,20260401,26,9.62
EMP0077,2026,5,3,1,1,21,20260501,26,13.46
EMP0077,2026,6,0,0,0,26,20260601,26,0.0
EMP0077,2026,7,0,1,0,15,20260701,16,3.12
EMP0078,2025,8,0,0,0,26,20250801,26,0.0
EMP0078,2025,9,1,2,0,23,20250901,26,7.69
EMP0078,2025,10,0,0,0,27,20251001,27,0.0
EMP0078,2025,11,0,0,0,25,20251101,25,0.0
EMP0078,2025,12,0,1,1,25,20251201,27,1.85
EMP0078,2026,1,2,1,0,24,20260101,27,9.26
EMP0078,2026,2,0,0,0,24,20260201,24,0.0
EMP0078,2026,3,1,0,1,24,20260301,26,3.85
EMP0078,2026,4,1,1,0,24,20260401,26,5.77
EMP0078,2026,5,0,0,2,24,20260501,26,0.0
EMP0078,2026,6,1,0,1,24,20260601,26,3.85
EMP0078,2026,7,1,1,1,13,20260701,16,9.38
EMP0079,2025,8,0,1,2,23,20250801,26,1.92
EMP0079,2025,9,0,1,0,25,20250901,26,1.92
EMP0079,2025,10,0,0,0,27,20251001,27,0.0
EMP0079,2025,11,1,0,1,23,20251101,25,4.0
EMP0079,2025,12,0,0,1,26,20251201,27,0.0
EMP0079,2026,1,1,0,0,26,20260101,27,3.7
EMP0079,2026,2,1,0,2,21,20260201,24,4.17
EMP0079,2026,3,0,1,0,25,20260301,26,1.92
EMP0079,2026,4,0,0,0,26,20260401,26,0.0
EMP0079,2026,5,0,1,2,23,20260501,26,1.92
EMP0079,2026,6,0,0,0,26,20260601,26,0.0
EMP0079,2026,7,0,0,0,16,20260701,16,0.0
EMP0080,2025,8,0,0,0,26,20250801,26,0.0
EMP0080,2025,9,1,0,2,23,20250901,26,3.85
EMP0080,2025,10,1,1,1,24,20251001,27,5.56
EMP0080,2025,11,0,0,1,24,20251101,25,0.0
EMP0080,2025,12,0,1,0,26,20251201,27,1.85
EMP0080,2026,1,0,0,2,25,20260101,27,0.0
EMP0080,2026,2,0,1,0,23,20260201,24,2.08
EMP0080,2026,3,0,1,0,25,20260301,26,1.92
EMP0080,2026,4,1,2,0,23,20260401,26,7.69
EMP0080,2026,5,1,0,4,21,20260501,26,3.85
EMP0080,2026,6,1,0,0,25,20260601,26,3.85
EMP0080,2026,7,1,0,0,15,20260701,16,6.25
EMP0081,2025,8,1,0,1,24,20250801,26,3.85
EMP0081,2025,9,0,0,0,26,20250901,26,0.0
EMP0081,2025,10,1,2,1,23,20251001,27,7.41
EMP0081,2025,11,3,2,2,18,20251101,25,16.0
EMP0081,2025,12,2,0,2,23,20251201,27,7.41
EMP0081,2026,1,1,1,0,25,20260101,27,5.56
EMP0081,2026,2,2,1,0,21,20260201,24,10.42
EMP0081,2026,3,0,1,0,25,20260301,26,1.92
EMP0081,2026,4,3,1,0,22,20260401,26,13.46
EMP0081,2026,5,1,1,0,24,20260501,26,5.77
EMP0081,2026,6,1,0,0,25,20260601,26,3.85
EMP0081,2026,7,0,0,0,16,20260701,16,0.0
EMP0082,2025,8,0,0,0,26,20250801,26,0.0
EMP0082,2025,9,2,2,1,21,20250901,26,11.54
EMP0082,2025,10,2,1,1,23,20251001,27,9.26
EMP0082,2025,11,2,0,1,22,20251101,25,8.0
EMP0082,2025,12,1,3,0,23,20251201,27,9.26
EMP0082,2026,1,0,0,1,26,20260101,27,0.0
EMP0082,2026,2,1,2,0,21,20260201,24,8.33
EMP0082,2026,3,1,2,0,23,20260301,26,7.69
EMP0082,2026,4,1,1,2,22,20260401,26,5.77
EMP0082,2026,5,1,1,2,22,20260501,26,5.77
EMP0082,2026,6,0,0,0,26,20260601,26,0.0
EMP0082,2026,7,1,0,0,15,20260701,16,6.25
EMP0083,2025,8,2,1,2,21,20250801,26,9.62
EMP0083,2025,9,2,2,0,22,20250901,26,11.54
EMP0083,2025,10,3,0,2,22,20251001,27,11.11
EMP0083,2025,11,1,4,0,20,20251101,25,12.0
EMP0083,2025,12,1,2,1,23,20251201,27,7.41
EMP0083,2026,1,2,0,0,25,20260101,27,7.41
EMP0083,2026,2,1,0,0,23,20260201,24,4.17
EMP0083,2026,3,3,1,0,22,20260301,26,13.46
EMP0083,2026,4,1,0,0,25,20260401,26,3.85
EMP0083,2026,5,1,1,0,24,20260501,26,5.77
EMP0083,2026,6,3,0,1,22,20260601,26,11.54
EMP0083,2026,7,0,2,0,14,20260701,16,6.25
EMP0084,2025,8,1,3,1,21,20250801,26,9.62
EMP0084,2025,9,1,1,0,24,20250901,26,5.77
EMP0084,2025,10,1,2,0,24,20251001,27,7.41
EMP0084,2025,11,0,1,0,24,20251101,25,2.0
EMP0084,2025,12,1,1,0,25,20251201,27,5.56
EMP0084,2026,1,0,1,0,26,20260101,27,1.85
EMP0084,2026,2,0,0,0,24,20260201,24,0.0
EMP0084,2026,3,0,1,0,25,20260301,26,1.92
EMP0084,2026,4,0,1,0,25,20260401,26,1.92
EMP0084,2026,5,1,0,0,25,20260501,26,3.85
EMP0084,2026,6,0,0,1,25,20260601,26,0.0
EMP0084,2026,7,3,0,1,12,20260701,16,18.75
EMP0085,2025,9,1,1,1,18,20250901,21,7.14
EMP0085,2025,10,1,1,0,25,20251001,27,5.56
EMP0085,2025,11,1,2,0,22,20251101,25,8.0
EMP0085,2025,12,1,0,0,26,20251201,27,3.7
EMP0085,2026,1,3,0,0,24,20260101,27,11.11
EMP0085,2026,2,0,0,0,24,20260201,24,0.0
EMP0085,2026,3,0,0,0,26,20260301,26,0.0
EMP0085,2026,4,1,1,1,23,20260401,26,5.77
EMP0085,2026,5,1,0,0,25,20260501,26,3.85
EMP0085,2026,6,1,0,1,24,20260601,26,3.85
EMP0085,2026,7,3,0,0,13,20260701,16,18.75
EMP0086,2025,8,1,0,1,24,20250801,26,3.85
EMP0086,2025,9,0,0,1,25,20250901,26,0.0
EMP0086,2025,10,2,0,0,25,20251001,27,7.41
EMP0086,2025,11,0,0,0,25,20251101,25,0.0
EMP0086,2025,12,1,1,1,24,20251201,27,5.56
EMP0086,2026,1,1,1,0,25,20260101,27,5.56
EMP0086,2026,2,1,1,0,22,20260201,24,6.25
EMP0086,2026,3,0,1,0,25,20260301,26,1.92
EMP0086,2026,4,1,1,0,24,20260401,26,5.77
EMP0086,2026,5,0,0,0,26,20260501,26,0.0
EMP0086,2026,6,0,2,0,24,20260601,26,3.85
EMP0086,2026,7,2,0,0,14,20260701,16,12.5
EMP0087,2025,8,0,0,0,26,20250801,26,0.0
EMP0087,2025,9,0,0,0,26,20250901,26,0.0
EMP0087,2025,10,0,0,1,26,20251001,27,0.0
EMP0087,2025,11,1,1,0,23,20251101,25,6.0
EMP0087,2025,12,1,1,1,24,20251201,27,5.56
EMP0087,2026,1,0,0,1,26,20260101,27,0.0
EMP0087,2026,2,0,1,0,23,20260201,24,2.08
EMP0087,2026,3,4,1,0,21,20260301,26,17.31
EMP0087,2026,4,1,1,0,24,20260401,26,5.77
EMP0087,2026,5,0,0,1,25,20260501,26,0.0
EMP0087,2026,6,2,0,1,23,20260601,26,7.69
EMP0087,2026,7,0,2,0,14,20260701,16,6.25
EMP0088,2025,8,1,0,0,25,20250801,26,3.85
EMP0088,2025,9,1,0,1,24,20250901,26,3.85
EMP0088,2025,10,1,0,0,26,20251001,27,3.7
EMP0088,2025,11,0,1,0,24,20251101,25,2.0
EMP0088,2025,12,0,0,0,27,20251201,27,0.0
EMP0088,2026,1,0,2,0,25,20260101,27,3.7
EMP0088,2026,2,1,0,1,22,20260201,24,4.17
EMP0088,2026,3,0,0,0,26,20260301,26,0.0
EMP0088,2026,4,0,0,2,24,20260401,26,0.0
EMP0088,2026,5,0,1,0,25,20260501,26,1.92
EMP0088,2026,6,1,0,0,25,20260601,26,3.85
EMP0088,2026,7,0,0,0,16,20260701,16,0.0
EMP0089,2025,10,1,0,1,15,20251001,17,5.88
EMP0089,2025,11,1,0,1,23,20251101,25,4.0
EMP0089,2025,12,1,0,0,26,20251201,27,3.7
EMP0089,2026,1,2,0,1,24,20260101,27,7.41
EMP0089,2026,2,0,0,0,24,20260201,24,0.0
EMP0089,2026,3,0,0,0,26,20260301,26,0.0
EMP0089,2026,4,0,1,0,25,20260401,26,1.92
EMP0089,2026,5,0,1,1,24,20260501,26,1.92
EMP0089,2026,6,0,0,0,26,20260601,26,0.0
EMP0089,2026,7,0,0,0,16,20260701,16,0.0
EMP0090,2025,8,0,2,1,23,20250801,26,3.85
EMP0090,2025,9,0,0,1,25,20250901,26,0.0
EMP0090,2025,10,2,2,1,22,20251001,27,11.11
EMP0090,2025,11,1,0,1,23,20251101,25,4.0
EMP0090,2025,12,1,0,0,26,20251201,27,3.7
EMP0090,2026,1,1,1,2,23,20260101,27,5.56
EMP0090,2026,2,0,0,0,24,20260201,24,0.0
EMP0090,2026,3,0,0,0,26,20260301,26,0.0
EMP0090,2026,4,0,1,0,25,20260401,26,1.92
EMP0090,2026,5,0,1,0,25,20260501,26,1.92
EMP0090,2026,6,0,2,0,24,20260601,26,3.85
EMP0090,2026,7,0,0,0,16,20260701,16,0.0
EMP0091,2025,8,1,0,1,24,20250801,26,3.85
EMP0091,2025,9,0,0,0,26,20250901,26,0.0
EMP0091,2025,10,1,0,0,26,20251001,27,3.7
EMP0091,2025,11,0,0,1,24,20251101,25,0.0
EMP0091,2025,12,0,0,1,26,20251201,27,0.0
EMP0091,2026,1,0,0,1,26,20260101,27,0.0
EMP0091,2026,2,0,1,0,23,20260201,24,2.08
EMP0091,2026,3,0,0,0,26,20260301,26,0.0
EMP0091,2026,4,1,1,0,24,20260401,26,5.77
EMP0091,2026,5,1,1,0,24,20260501,26,5.77
EMP0091,2026,6,0,0,1,25,20260601,26,0.0
EMP0091,2026,7,0,1,1,14,20260701,16,3.12
EMP0092,2025,8,0,0,0,6,20250801,6,0.0
EMP0092,2025,9,0,0,0,26,20250901,26,0.0
EMP0092,2025,10,1,3,0,23,20251001,27,9.26
EMP0092,2025,11,1,1,0,23,20251101,25,6.0
EMP0092,2025,12,2,1,1,23,20251201,27,9.26
EMP0092,2026,1,1,0,0,26,20260101,27,3.7
EMP0092,2026,2,0,1,0,23,20260201,24,2.08
EMP0092,2026,3,0,0,1,25,20260301,26,0.0
EMP0092,2026,4,0,1,2,23,20260401,26,1.92
EMP0092,2026,5,2,2,1,21,20260501,26,11.54
EMP0092,2026,6,2,0,1,23,20260601,26,7.69
EMP0092,2026,7,1,0,0,15,20260701,16,6.25
EMP0093,2025,8,1,1,0,24,20250801,26,5.77
EMP0093,2025,9,0,0,0,26,20250901,26,0.0
EMP0093,2025,10,0,0,0,27,20251001,27,0.0
EMP0093,2025,11,1,0,0,24,20251101,25,4.0
EMP0093,2025,12,0,1,0,26,20251201,27,1.85
EMP0093,2026,1,0,0,0,27,20260101,27,0.0
EMP0093,2026,2,0,0,1,23,20260201,24,0.0
EMP0093,2026,3,0,0,0,26,20260301,26,0.0
EMP0093,2026,4,0,1,0,25,20260401,26,1.92
EMP0093,2026,5,0,1,0,25,20260501,26,1.92
EMP0093,2026,6,0,0,1,25,20260601,26,0.0
EMP0093,2026,7,0,0,1,15,20260701,16,0.0
EMP0094,2025,8,2,1,0,23,20250801,26,9.62
EMP0094,2025,9,1,0,2,23,20250901,26,3.85
EMP0094,2025,10,1,1,0,25,20251001,27,5.56
EMP0094,2025,11,2,0,2,21,20251101,25,8.0
EMP0094,2025,12,1,0,1,25,20251201,27,3.7
EMP0094,2026,1,1,1,2,23,20260101,27,5.56
EMP0094,2026,2,0,0,2,22,20260201,24,0.0
EMP0094,2026,3,2,1,0,23,20260301,26,9.62
EMP0094,2026,4,1,1,0,24,20260401,26,5.77
EMP0094,2026,5,2,2,1,21,20260501,26,11.54
EMP0094,2026,6,1,3,2,20,20260601,26,9.62
EMP0094,2026,7,1,1,0,14,20260701,16,9.38
EMP0095,2026,5,0,0,0,2,20260501,2,0.0
EMP0095,2026,6,2,0,0,24,20260601,26,7.69
EMP0095,2026,7,1,0,0,15,20260701,16,6.25
EMP0096,2025,8,0,0,1,25,20250801,26,0.0
EMP0096,2025,9,1,0,0,25,20250901,26,3.85
EMP0096,2025,10,3,1,0,23,20251001,27,12.96
EMP0096,2025,11,1,2,0,22,20251101,25,8.0
EMP0096,2025,12,2,0,0,25,20251201,27,7.41
EMP0096,2026,1,2,0,0,25,20260101,27,7.41
EMP0096,2026,2,1,1,1,21,20260201,24,6.25
EMP0096,2026,3,1,1,0,24,20260301,26,5.77
EMP0096,2026,4,1,1,0,24,20260401,26,5.77
EMP0096,2026,5,2,1,3,20,20260501,26,9.62
EMP0096,2026,6,0,1,0,25,20260601,26,1.92
EMP0096,2026,7,3,1,1,11,20260701,16,21.88
EMP0097,2025,12,2,0,0,4,20251201,6,33.33
EMP0097,2026,1,1,0,0,26,20260101,27,3.7
EMP0097,2026,2,1,0,0,23,20260201,24,4.17
EMP0097,2026,3,0,0,1,25,20260301,26,0.0
EMP0097,2026,4,1,1,0,24,20260401,26,5.77
EMP0097,2026,5,1,0,0,25,20260501,26,3.85
EMP0097,2026,6,1,0,0,25,20260601,26,3.85
EMP0097,2026,7,0,1,0,15,20260701,16,3.12
EMP0098,2025,9,0,0,1,13,20250901,14,0.0
EMP0098,2025,10,2,0,1,24,20251001,27,7.41
EMP0098,2025,11,0,2,0,23,20251101,25,4.0
EMP0098,2025,12,1,1,0,25,20251201,27,5.56
EMP0098,2026,1,1,0,0,26,20260101,27,3.7
EMP0098,2026,2,3,0,0,21,20260201,24,12.5
EMP0098,2026,3,0,0,1,25,20260301,26,0.0
EMP0098,2026,4,1,1,0,24,20260401,26,5.77
EMP0098,2026,5,4,1,0,21,20260501,26,17.31
EMP0098,2026,6,0,1,1,24,20260601,26,1.92
EMP0098,2026,7,1,0,0,15,20260701,16,6.25
EMP0099,2025,8,0,0,0,26,20250801,26,0.0
EMP0099,2025,9,1,0,0,25,20250901,26,3.85
EMP0099,2025,10,1,0,0,26,20251001,27,3.7
EMP0099,2025,11,1,0,1,23,20251101,25,4.0
EMP0099,2025,12,1,0,1,25,20251201,27,3.7
EMP0099,2026,1,1,0,1,25,20260101,27,3.7
EMP0099,2026,2,1,0,2,21,20260201,24,4.17
EMP0099,2026,3,4,1,0,21,20260301,26,17.31
EMP0099,2026,4,1,1,0,24,20260401,26,5.77
EMP0099,2026,5,0,0,0,26,20260501,26,0.0
EMP0099,2026,6,0,0,1,25,20260601,26,0.0
EMP0099,2026,7,1,0,0,15,20260701,16,6.25
EMP0100,2025,8,2,1,0,23,20250801,26,9.62
EMP0100,2025,9,0,0,0,26,20250901,26,0.0
EMP0100,2025,10,1,0,0,26,20251001,27,3.7
EMP0100,2025,11,0,1,0,24,20251101,25,2.0
EMP0100,2025,12,1,1,1,24,20251201,27,5.56
EMP0100,2026,1,0,1,0,26,20260101,27,1.85
EMP0100,2026,2,0,1,0,23,20260201,24,2.08
EMP0100,2026,3,1,1,1,23,20260301,26,5.77
EMP0100,2026,4,0,0,0,26,20260401,26,0.0
EMP0100,2026,5,0,3,0,23,20260501,26,5.77
EMP0100,2026,6,1,0,0,25,20260601,26,3.85
EMP0100,2026,7,0,0,0,16,20260701,16,0.0
EMP0101,2025,8,2,0,1,23,20250801,26,7.69
EMP0101,2025,9,0,0,1,25,20250901,26,0.0
EMP0101,2025,10,0,2,1,24,20251001,27,3.7
EMP0101,2025,11,0,0,0,25,20251101,25,0.0
EMP0101,2025,12,1,1,0,25,20251201,27,5.56
EMP0101,2026,1,0,0,0,27,20260101,27,0.0
EMP0101,2026,2,0,0,0,24,20260201,24,0.0
EMP0101,2026,3,1,0,0,25,20260301,26,3.85
EMP0101,2026,4,0,0,0,26,20260401,26,0.0
EMP0101,2026,5,1,1,0,24,20260501,26,5.77
EMP0101,2026,6,1,1,0,24,20260601,26,5.77
EMP0101,2026,7,1,1,0,14,20260701,16,9.38
EMP0102,2025,12,1,0,0,3,20251201,4,25.0
EMP0102,2026,1,1,1,2,23,20260101,27,5.56
EMP0102,2026,2,0,0,1,23,20260201,24,0.0
EMP0102,2026,3,0,2,1,23,20260301,26,3.85
EMP0102,2026,4,1,0,2,23,20260401,26,3.85
EMP0102,2026,5,2,1,0,23,20260501,26,9.62
EMP0102,2026,6,1,0,0,25,20260601,26,3.85
EMP0102,2026,7,1,0,1,14,20260701,16,6.25
EMP0103,2025,8,0,1,0,25,20250801,26,1.92
EMP0103,2025,9,0,1,0,5,20250901,6,8.33
EMP0104,2025,8,0,1,0,25,20250801,26,1.92
EMP0104,2025,9,2,0,1,23,20250901,26,7.69
EMP0104,2025,10,0,0,1,26,20251001,27,0.0
EMP0104,2025,11,0,1,1,23,20251101,25,2.0
EMP0104,2025,12,0,1,0,26,20251201,27,1.85
EMP0104,2026,1,1,0,0,26,20260101,27,3.7
EMP0104,2026,2,1,2,1,20,20260201,24,8.33
EMP0104,2026,3,0,2,0,24,20260301,26,3.85
EMP0104,2026,4,0,0,0,26,20260401,26,0.0
EMP0104,2026,5,1,1,1,23,20260501,26,5.77
EMP0104,2026,6,2,0,1,23,20260601,26,7.69
EMP0104,2026,7,2,1,2,11,20260701,16,15.62
EMP0105,2025,8,1,0,1,24,20250801,26,3.85
EMP0105,2025,9,1,0,0,25,20250901,26,3.85
EMP0105,2025,10,1,0,1,25,20251001,27,3.7
EMP0105,2025,11,0,0,0,25,20251101,25,0.0
EMP0105,2025,12,1,0,1,25,20251201,27,3.7
EMP0105,2026,1,0,0,0,27,20260101,27,0.0
EMP0105,2026,2,0,0,1,23,20260201,24,0.0
EMP0105,2026,3,0,1,0,25,20260301,26,1.92
EMP0105,2026,4,0,0,0,26,20260401,26,0.0
EMP0105,2026,5,1,0,0,25,20260501,26,3.85
EMP0105,2026,6,0,1,0,25,20260601,26,1.92
EMP0105,2026,7,0,0,0,16,20260701,16,0.0
EMP0106,2025,8,0,2,0,24,20250801,26,3.85
EMP0106,2025,9,0,0,0,26,20250901,26,0.0
EMP0106,2025,10,0,0,2,25,20251001,27,0.0
EMP0106,2025,11,0,0,2,23,20251101,25,0.0
EMP0106,2025,12,2,0,1,24,20251201,27,7.41
EMP0106,2026,1,0,0,3,24,20260101,27,0.0
EMP0106,2026,2,0,1,0,23,20260201,24,2.08
EMP0106,2026,3,2,1,3,20,20260301,26,9.62
EMP0106,2026,4,0,0,1,25,20260401,26,0.0
EMP0106,2026,5,2,0,1,23,20260501,26,7.69
EMP0106,2026,6,2,0,0,24,20260601,26,7.69
EMP0106,2026,7,1,0,1,14,20260701,16,6.25
EMP0107,2025,8,1,0,0,25,20250801,26,3.85
EMP0107,2025,9,2,0,0,24,20250901,26,7.69
EMP0107,2025,10,1,1,1,24,20251001,27,5.56
EMP0107,2025,11,2,1,2,20,20251101,25,10.0
EMP0107,2025,12,1,0,0,26,20251201,27,3.7
EMP0107,2026,1,1,0,0,26,20260101,27,3.7
EMP0107,2026,2,0,2,1,21,20260201,24,4.17
EMP0107,2026,3,0,0,0,26,20260301,26,0.0
EMP0107,2026,4,0,0,0,26,20260401,26,0.0
EMP0107,2026,5,0,2,0,24,20260501,26,3.85
EMP0107,2026,6,1,1,3,21,20260601,26,5.77
EMP0107,2026,7,1,0,0,15,20260701,16,6.25
EMP0108,2025,8,0,0,0,26,20250801,26,0.0
EMP0108,2025,9,0,0,0,26,20250901,26,0.0
EMP0108,2025,10,0,0,0,27,20251001,27,0.0
EMP0108,2025,11,0,1,0,24,20251101,25,2.0
EMP0108,2025,12,0,1,0,26,20251201,27,1.85
EMP0108,2026,1,0,1,0,26,20260101,27,1.85
EMP0108,2026,2,2,0,2,20,20260201,24,8.33
EMP0108,2026,3,0,0,2,24,20260301,26,0.0
EMP0108,2026,4,0,2,1,23,20260401,26,3.85
EMP0108,2026,5,0,1,0,25,20260501,26,1.92
EMP0108,2026,6,2,0,0,24,20260601,26,7.69
EMP0108,2026,7,2,1,0,13,20260701,16,15.62
EMP0109,2025,8,0,1,0,25,20250801,26,1.92
EMP0109,2025,9,1,0,2,23,20250901,26,3.85
EMP0109,2025,10,1,4,2,20,20251001,27,11.11
EMP0109,2025,11,0,1,1,23,20251101,25,2.0
EMP0109,2025,12,0,0,0,27,20251201,27,0.0
EMP0109,2026,1,0,1,1,25,20260101,27,1.85
EMP0109,2026,2,0,0,2,22,20260201,24,0.0
EMP0109,2026,3,1,1,1,23,20260301,26,5.77
EMP0109,2026,4,0,1,0,25,20260401,26,1.92
EMP0109,2026,5,2,0,0,24,20260501,26,7.69
EMP0109,2026,6,0,1,2,23,20260601,26,1.92
EMP0109,2026,7,1,0,0,15,20260701,16,6.25
EMP0110,2025,10,1,0,0,25,20251001,26,3.85
EMP0110,2025,11,1,0,0,24,20251101,25,4.0
EMP0110,2025,12,0,0,0,27,20251201,27,0.0
EMP0110,2026,1,0,1,0,26,20260101,27,1.85
EMP0110,2026,2,2,0,0,22,20260201,24,8.33
EMP0110,2026,3,0,0,0,26,20260301,26,0.0
EMP0110,2026,4,1,0,0,25,20260401,26,3.85
EMP0110,2026,5,0,2,0,24,20260501,26,3.85
EMP0110,2026,6,0,0,1,25,20260601,26,0.0
EMP0110,2026,7,0,0,0,16,20260701,16,0.0
EMP0111,2025,8,0,0,0,26,20250801,26,0.0
EMP0111,2025,9,1,2,2,21,20250901,26,7.69
EMP0111,2025,10,1,2,0,24,20251001,27,7.41
EMP0111,2025,11,0,1,1,23,20251101,25,2.0
EMP0111,2025,12,3,0,1,23,20251201,27,11.11
EMP0111,2026,1,0,1,2,24,20260101,27,1.85
EMP0111,2026,2,2,1,0,21,20260201,24,10.42
EMP0111,2026,3,0,0,0,26,20260301,26,0.0
EMP0111,2026,4,0,0,0,26,20260401,26,0.0
EMP0111,2026,5,2,0,0,24,20260501,26,7.69
EMP0111,2026,6,0,1,0,25,20260601,26,1.92
EMP0111,2026,7,0,0,1,15,20260701,16,0.0
EMP0112,2025,8,0,0,1,25,20250801,26,0.0
EMP0112,2025,9,2,0,1,23,20250901,26,7.69
EMP0112,2025,10,1,0,0,26,20251001,27,3.7
EMP0112,2025,11,0,0,1,24,20251101,25,0.0
EMP0112,2025,12,0,5,0,22,20251201,27,9.26
EMP0112,2026,1,0,1,2,24,20260101,27,1.85
EMP0112,2026,2,2,0,1,21,20260201,24,8.33
EMP0112,2026,3,0,0,0,26,20260301,26,0.0
EMP0112,2026,4,0,4,1,21,20260401,26,7.69
EMP0112,2026,5,0,0,1,25,20260501,26,0.0
EMP0112,2026,6,0,0,0,26,20260601,26,0.0
EMP0112,2026,7,0,1,0,15,20260701,16,3.12
EMP0113,2025,8,1,0,0,25,20250801,26,3.85
EMP0113,2025,9,1,1,1,23,20250901,26,5.77
EMP0113,2025,10,1,1,0,25,20251001,27,5.56
EMP0113,2025,11,1,1,3,20,20251101,25,6.0
EMP0113,2025,12,1,2,0,24,20251201,27,7.41
EMP0113,2026,1,1,1,2,23,20260101,27,5.56
EMP0113,2026,2,1,0,0,23,20260201,24,4.17
EMP0113,2026,3,1,0,1,24,20260301,26,3.85
EMP0113,2026,4,0,0,0,26,20260401,26,0.0
EMP0113,2026,5,2,1,0,23,20260501,26,9.62
EMP0113,2026,6,1,0,1,24,20260601,26,3.85
EMP0113,2026,7,1,3,0,12,20260701,16,15.62
EMP0114,2026,4,0,0,0,6,20260401,6,0.0
EMP0114,2026,5,0,1,1,24,20260501,26,1.92
EMP0114,2026,6,3,1,0,22,20260601,26,13.46
EMP0114,2026,7,2,0,0,14,20260701,16,12.5
EMP0115,2025,8,0,2,1,23,20250801,26,3.85
EMP0115,2025,9,2,1,0,23,20250901,26,9.62
EMP0115,2025,10,1,1,0,25,20251001,27,5.56
EMP0115,2025,11,2,0,0,23,20251101,25,8.0
EMP0115,2025,12,2,1,1,23,20251201,27,9.26
EMP0115,2026,1,1,1,1,24,20260101,27,5.56
EMP0115,2026,2,0,0,1,11,20260201,12,0.0
EMP0116,2025,8,1,0,2,23,20250801,26,3.85
EMP0116,2025,9,3,0,0,23,20250901,26,11.54
EMP0116,2025,10,0,0,0,27,20251001,27,0.0
EMP0116,2025,11,2,0,1,22,20251101,25,8.0
EMP0116,2025,12,1,0,0,26,20251201,27,3.7
EMP0116,2026,1,1,0,0,26,20260101,27,3.7
EMP0116,2026,2,0,0,0,24,20260201,24,0.0
EMP0116,2026,3,1,1,0,24,20260301,26,5.77
EMP0116,2026,4,1,0,1,24,20260401,26,3.85
EMP0116,2026,5,0,0,0,26,20260501,26,0.0
EMP0116,2026,6,0,0,0,26,20260601,26,0.0
EMP0116,2026,7,0,0,1,15,20260701,16,0.0
EMP0117,2025,8,0,1,0,25,20250801,26,1.92
EMP0117,2025,9,0,0,0,26,20250901,26,0.0
EMP0117,2025,10,1,0,0,26,20251001,27,3.7
EMP0117,2025,11,1,0,1,23,20251101,25,4.0
EMP0117,2025,12,2,0,1,24,20251201,27,7.41
EMP0117,2026,1,1,0,2,24,20260101,27,3.7
EMP0117,2026,2,3,0,2,19,20260201,24,12.5
EMP0117,2026,3,0,0,0,26,20260301,26,0.0
EMP0117,2026,4,1,0,0,25,20260401,26,3.85
EMP0117,2026,5,1,0,0,25,20260501,26,3.85
EMP0117,2026,6,0,1,0,25,20260601,26,1.92
EMP0117,2026,7,1,1,1,13,20260701,16,9.38
EMP0118,2025,8,1,2,0,23,20250801,26,7.69
EMP0118,2025,9,2,0,0,24,20250901,26,7.69
EMP0118,2025,10,1,1,0,25,20251001,27,5.56
EMP0118,2025,11,1,0,0,24,20251101,25,4.0
EMP0118,2025,12,3,1,0,23,20251201,27,12.96
EMP0118,2026,1,0,0,2,25,20260101,27,0.0
EMP0118,2026,2,1,2,0,21,20260201,24,8.33
EMP0118,2026,3,0,1,0,25,20260301,26,1.92
EMP0118,2026,4,0,0,3,23,20260401,26,0.0
EMP0118,2026,5,1,0,0,25,20260501,26,3.85
EMP0118,2026,6,0,0,0,26,20260601,26,0.0
EMP0118,2026,7,0,1,0,15,20260701,16,3.12
EMP0119,2025,12,0,0,0,1,20251201,1,0.0
EMP0119,2026,1,0,0,0,27,20260101,27,0.0
EMP0119,2026,2,0,0,0,24,20260201,24,0.0
EMP0119,2026,3,0,0,0,26,20260301,26,0.0
EMP0119,2026,4,0,0,1,25,20260401,26,0.0
EMP0119,2026,5,0,0,0,26,20260501,26,0.0
EMP0119,2026,6,2,0,0,24,20260601,26,7.69
EMP0119,2026,7,1,1,0,14,20260701,16,9.38
EMP0120,2025,8,0,0,1,25,20250801,26,0.0
EMP0120,2025,9,4,0,1,21,20250901,26,15.38
EMP0120,2025,10,1,2,0,24,20251001,27,7.41
EMP0120,2025,11,1,2,3,19,20251101,25,8.0
EMP0120,2025,12,0,0,1,26,20251201,27,0.0
EMP0120,2026,1,0,1,0,26,20260101,27,1.85
EMP0120,2026,2,0,0,0,24,20260201,24,0.0
EMP0120,2026,3,0,1,0,25,20260301,26,1.92
EMP0120,2026,4,1,0,1,24,20260401,26,3.85
EMP0120,2026,5,2,2,1,21,20260501,26,11.54
EMP0120,2026,6,1,0,1,24,20260601,26,3.85
EMP0120,2026,7,0,1,1,14,20260701,16,3.12
EMP0121,2025,8,0,1,0,25,20250801,26,1.92
EMP0121,2025,9,1,2,1,22,20250901,26,7.69
EMP0121,2025,10,0,0,2,25,20251001,27,0.0
EMP0121,2025,11,0,0,1,24,20251101,25,0.0
EMP0121,2025,12,1,1,0,25,20251201,27,5.56
EMP0121,2026,1,0,1,0,26,20260101,27,1.85
EMP0121,2026,2,1,1,0,22,20260201,24,6.25
EMP0121,2026,3,1,0,0,25,20260301,26,3.85
EMP0121,2026,4,1,1,2,22,20260401,26,5.77
EMP0121,2026,5,1,3,0,22,20260501,26,9.62
EMP0121,2026,6,0,1,1,24,20260601,26,1.92
EMP0121,2026,7,0,0,1,15,20260701,16,0.0
EMP0122,2025,8,0,0,0,26,20250801,26,0.0
EMP0122,2025,9,1,0,0,25,20250901,26,3.85
EMP0122,2025,10,1,0,0,26,20251001,27,3.7
EMP0122,2025,11,1,1,0,23,20251101,25,6.0
EMP0122,2025,12,0,0,0,27,20251201,27,0.0
EMP0122,2026,1,1,0,1,25,20260101,27,3.7
EMP0122,2026,2,1,0,0,23,20260201,24,4.17
EMP0122,2026,3,1,1,0,24,20260301,26,5.77
EMP0122,2026,4,0,1,0,25,20260401,26,1.92
EMP0122,2026,5,0,0,1,25,20260501,26,0.0
EMP0122,2026,6,0,0,0,20,20260601,20,0.0
EMP0123,2025,8,0,1,0,25,20250801,26,1.92
EMP0123,2025,9,1,0,0,25,20250901,26,3.85
EMP0123,2025,10,2,0,0,25,20251001,27,7.41
EMP0123,2025,11,0,0,2,23,20251101,25,0.0
EMP0123,2025,12,3,1,0,23,20251201,27,12.96
EMP0123,2026,1,0,0,1,26,20260101,27,0.0
EMP0123,2026,2,0,1,0,23,20260201,24,2.08
EMP0123,2026,3,1,0,0,25,20260301,26,3.85
EMP0123,2026,4,0,3,0,23,20260401,26,5.77
EMP0123,2026,5,0,1,1,24,20260501,26,1.92
EMP0123,2026,6,2,0,2,22,20260601,26,7.69
EMP0123,2026,7,2,0,0,14,20260701,16,12.5
EMP0124,2025,8,0,0,1,25,20250801,26,0.0
EMP0124,2025,9,1,1,2,22,20250901,26,5.77
EMP0124,2025,10,1,0,0,26,20251001,27,3.7
EMP0124,2025,11,0,2,0,23,20251101,25,4.0
EMP0124,2025,12,0,2,0,25,20251201,27,3.7
EMP0124,2026,1,0,2,0,25,20260101,27,3.7
EMP0124,2026,2,0,0,1,23,20260201,24,0.0
EMP0124,2026,3,2,0,0,24,20260301,26,7.69
EMP0124,2026,4,0,0,2,24,20260401,26,0.0
EMP0124,2026,5,0,0,1,25,20260501,26,0.0
EMP0124,2026,6,0,3,1,22,20260601,26,5.77
EMP0124,2026,7,1,0,0,15,20260701,16,6.25
EMP0125,2025,8,0,0,0,26,20250801,26,0.0
EMP0125,2025,9,1,0,0,25,20250901,26,3.85
EMP0125,2025,10,1,0,0,26,20251001,27,3.7
EMP0125,2025,11,1,0,1,23,20251101,25,4.0
EMP0125,2025,12,0,0,0,27,20251201,27,0.0
EMP0125,2026,1,0,1,0,26,20260101,27,1.85
EMP0125,2026,2,1,1,0,22,20260201,24,6.25
EMP0125,2026,3,0,1,2,23,20260301,26,1.92
EMP0125,2026,4,1,1,2,22,20260401,26,5.77
EMP0125,2026,5,0,1,1,24,20260501,26,1.92
EMP0125,2026,6,1,0,2,23,20260601,26,3.85
EMP0125,2026,7,0,0,0,16,20260701,16,0.0
EMP0126,2025,8,0,1,1,24,20250801,26,1.92
EMP0126,2025,9,0,0,0,26,20250901,26,0.0
EMP0126,2025,10,1,1,1,24,20251001,27,5.56
EMP0126,2025,11,2,0,0,23,20251101,25,8.0
EMP0126,2025,12,0,1,2,24,20251201,27,1.85
EMP0126,2026,1,0,0,1,26,20260101,27,0.0
EMP0126,2026,2,1,0,2,21,20260201,24,4.17
EMP0126,2026,3,0,0,0,26,20260301,26,0.0
EMP0126,2026,4,0,0,0,26,20260401,26,0.0
EMP0126,2026,5,0,0,0,26,20260501,26,0.0
EMP0126,2026,6,0,2,0,24,20260601,26,3.85
EMP0126,2026,7,0,0,0,16,20260701,16,0.0
EMP0127,2025,8,0,1,0,25,20250801,26,1.92
EMP0127,2025,9,2,0,0,24,20250901,26,7.69
EMP0127,2025,10,0,2,1,24,20251001,27,3.7
EMP0127,2025,11,0,0,0,25,20251101,25,0.0
EMP0127,2025,12,1,0,1,25,20251201,27,3.7
EMP0127,2026,1,0,1,0,26,20260101,27,1.85
EMP0127,2026,2,1,0,0,23,20260201,24,4.17
EMP0127,2026,3,1,0,2,23,20260301,26,3.85
EMP0127,2026,4,0,0,0,26,20260401,26,0.0
EMP0127,2026,5,1,1,0,24,20260501,26,5.77
EMP0127,2026,6,2,0,0,24,20260601,26,7.69
EMP0127,2026,7,0,0,0,16,20260701,16,0.0
EMP0128,2026,3,0,0,1,22,20260301,23,0.0
EMP0128,2026,4,2,1,0,23,20260401,26,9.62
EMP0128,2026,5,0,0,1,25,20260501,26,0.0
EMP0128,2026,6,3,1,0,22,20260601,26,13.46
EMP0128,2026,7,1,0,0,15,20260701,16,6.25
EMP0129,2025,8,1,1,2,22,20250801,26,5.77
EMP0129,2025,9,0,0,1,25,20250901,26,0.0
EMP0129,2025,10,2,0,0,25,20251001,27,7.41
EMP0129,2025,11,0,2,1,22,20251101,25,4.0
EMP0129,2025,12,0,1,0,26,20251201,27,1.85
EMP0129,2026,1,0,1,1,25,20260101,27,1.85
EMP0129,2026,2,0,0,0,24,20260201,24,0.0
EMP0129,2026,3,0,0,1,25,20260301,26,0.0
EMP0129,2026,4,1,1,1,23,20260401,26,5.77
EMP0129,2026,5,0,1,0,25,20260501,26,1.92
EMP0129,2026,6,2,0,0,24,20260601,26,7.69
EMP0129,2026,7,0,0,0,16,20260701,16,0.0
EMP0130,2025,8,0,0,1,25,20250801,26,0.0
EMP0130,2025,9,2,0,0,24,20250901,26,7.69
EMP0130,2025,10,0,0,0,27,20251001,27,0.0
EMP0130,2025,11,0,0,0,25,20251101,25,0.0
EMP0130,2025,12,0,1,0,26,20251201,27,1.85
EMP0130,2026,1,1,0,0,26,20260101,27,3.7
EMP0130,2026,2,0,0,0,24,20260201,24,0.0
EMP0130,2026,3,2,1,0,23,20260301,26,9.62
EMP0130,2026,4,0,1,0,25,20260401,26,1.92
EMP0130,2026,5,0,1,0,25,20260501,26,1.92
EMP0130,2026,6,1,2,0,23,20260601,26,7.69
EMP0130,2026,7,0,0,1,15,20260701,16,0.0
EMP0131,2025,8,2,0,0,24,20250801,26,7.69
EMP0131,2025,9,2,0,1,23,20250901,26,7.69
EMP0131,2025,10,2,0,1,24,20251001,27,7.41
EMP0131,2025,11,0,0,0,25,20251101,25,0.0
EMP0131,2025,12,0,1,2,24,20251201,27,1.85
EMP0131,2026,1,1,2,0,24,20260101,27,7.41
EMP0131,2026,2,1,0,0,23,20260201,24,4.17
EMP0131,2026,3,0,0,1,25,20260301,26,0.0
EMP0131,2026,4,2,1,0,23,20260401,26,9.62
EMP0131,2026,5,0,0,0,26,20260501,26,0.0
EMP0131,2026,6,1,1,0,24,20260601,26,5.77
EMP0131,2026,7,1,0,0,15,20260701,16,6.25
EMP0132,2025,8,2,0,1,23,20250801,26,7.69
EMP0132,2025,9,0,2,1,23,20250901,26,3.85
EMP0132,2025,10,1,0,1,25,20251001,27,3.7
EMP0132,2025,11,2,0,1,22,20251101,25,8.0
EMP0132,2025,12,1,0,2,24,20251201,27,3.7
EMP0132,2026,1,1,1,1,24,20260101,27,5.56
EMP0132,2026,2,0,0,1,23,20260201,24,0.0
EMP0132,2026,3,1,0,0,25,20260301,26,3.85
EMP0132,2026,4,1,0,0,25,20260401,26,3.85
EMP0132,2026,5,0,1,0,25,20260501,26,1.92
EMP0132,2026,6,3,0,2,21,20260601,26,11.54
EMP0132,2026,7,0,0,0,16,20260701,16,0.0
EMP0133,2025,8,0,0,0,26,20250801,26,0.0
EMP0133,2025,9,0,1,0,25,20250901,26,1.92
EMP0133,2025,10,0,0,1,26,20251001,27,0.0
EMP0133,2025,11,0,0,0,25,20251101,25,0.0
EMP0133,2025,12,0,1,1,25,20251201,27,1.85
EMP0133,2026,1,1,1,1,24,20260101,27,5.56
EMP0133,2026,2,0,1,0,23,20260201,24,2.08
EMP0133,2026,3,0,0,0,26,20260301,26,0.0
EMP0133,2026,4,0,0,1,25,20260401,26,0.0
EMP0133,2026,5,0,0,1,25,20260501,26,0.0
EMP0133,2026,6,2,0,0,24,20260601,26,7.69
EMP0133,2026,7,0,0,0,16,20260701,16,0.0
EMP0134,2025,8,1,0,0,25,20250801,26,3.85
EMP0134,2025,9,0,0,0,26,20250901,26,0.0
EMP0134,2025,10,0,3,0,24,20251001,27,5.56
EMP0134,2025,11,0,1,0,24,20251101,25,2.0
EMP0134,2025,12,1,0,0,26,20251201,27,3.7
EMP0134,2026,1,0,1,1,25,20260101,27,1.85
EMP0134,2026,2,1,0,1,22,20260201,24,4.17
EMP0134,2026,3,1,2,0,23,20260301,26,7.69
EMP0134,2026,4,2,0,0,24,20260401,26,7.69
EMP0134,2026,5,0,1,1,24,20260501,26,1.92
EMP0134,2026,6,0,0,1,25,20260601,26,0.0
EMP0134,2026,7,1,1,0,14,20260701,16,9.38
EMP0135,2025,8,1,0,0,25,20250801,26,3.85
EMP0135,2025,9,3,0,0,23,20250901,26,11.54
EMP0135,2025,10,0,1,0,26,20251001,27,1.85
EMP0135,2025,11,1,1,0,23,20251101,25,6.0
EMP0135,2025,12,0,0,1,26,20251201,27,0.0
EMP0135,2026,1,0,0,0,27,20260101,27,0.0
EMP0135,2026,2,1,0,0,23,20260201,24,4.17
EMP0135,2026,3,0,0,0,26,20260301,26,0.0
EMP0135,2026,4,0,0,0,26,20260401,26,0.0
EMP0135,2026,5,0,1,0,25,20260501,26,1.92
EMP0135,2026,6,1,1,1,23,20260601,26,5.77
EMP0135,2026,7,1,0,0,15,20260701,16,6.25
EMP0136,2025,8,0,0,1,25,20250801,26,0.0
EMP0136,2025,9,1,0,0,25,20250901,26,3.85
EMP0136,2025,10,1,0,0,26,20251001,27,3.7
EMP0136,2025,11,0,0,0,25,20251101,25,0.0
EMP0136,2025,12,0,0,1,26,20251201,27,0.0
EMP0136,2026,1,0,0,1,26,20260101,27,0.0
EMP0136,2026,2,0,0,1,23,20260201,24,0.0
EMP0136,2026,3,1,0,0,25,20260301,26,3.85
EMP0136,2026,4,0,1,0,25,20260401,26,1.92
EMP0136,2026,5,1,1,1,23,20260501,26,5.77
EMP0136,2026,6,0,0,1,25,20260601,26,0.0
EMP0136,2026,7,0,0,1,15,20260701,16,0.0
EMP0137,2025,8,2,0,1,23,20250801,26,7.69
EMP0137,2025,9,0,0,2,24,20250901,26,0.0
EMP0137,2025,10,1,1,0,25,20251001,27,5.56
EMP0137,2025,11,0,1,1,23,20251101,25,2.0
EMP0137,2025,12,0,2,0,25,20251201,27,3.7
EMP0137,2026,1,0,1,0,26,20260101,27,1.85
EMP0137,2026,2,0,0,1,23,20260201,24,0.0
EMP0137,2026,3,0,0,0,26,20260301,26,0.0
EMP0137,2026,4,0,1,0,25,20260401,26,1.92
EMP0137,2026,5,1,0,0,25,20260501,26,3.85
EMP0137,2026,6,2,0,0,24,20260601,26,7.69
EMP0137,2026,7,0,0,0,16,20260701,16,0.0
EMP0138,2025,8,1,0,3,22,20250801,26,3.85
EMP0138,2025,9,1,2,0,23,20250901,26,7.69
EMP0138,2025,10,1,1,1,24,20251001,27,5.56
EMP0138,2025,11,1,0,0,24,20251101,25,4.0
EMP0138,2025,12,1,0,1,25,20251201,27,3.7
EMP0138,2026,1,2,0,0,25,20260101,27,7.41
EMP0138,2026,2,2,0,1,21,20260201,24,8.33
EMP0138,2026,3,1,0,0,25,20260301,26,3.85
EMP0138,2026,4,0,1,0,25,20260401,26,1.92
EMP0138,2026,5,0,1,2,23,20260501,26,1.92
EMP0138,2026,6,1,1,1,23,20260601,26,5.77
EMP0138,2026,7,0,0,0,16,20260701,16,0.0
EMP0139,2025,8,0,0,1,25,20250801,26,0.0
EMP0139,2025,9,2,1,0,23,20250901,26,9.62
EMP0139,2025,10,0,1,1,25,20251001,27,1.85
EMP0139,2025,11,2,0,1,22,20251101,25,8.0
EMP0139,2025,12,2,0,1,24,20251201,27,7.41
EMP0139,2026,1,1,0,0,26,20260101,27,3.7
EMP0139,2026,2,1,1,1,21,20260201,24,6.25
EMP0139,2026,3,0,1,0,25,20260301,26,1.92
EMP0139,2026,4,0,0,1,25,20260401,26,0.0
EMP0139,2026,5,0,1,1,24,20260501,26,1.92
EMP0139,2026,6,2,0,1,21,20260601,24,8.33
EMP0140,2025,8,0,0,1,25,20250801,26,0.0
EMP0140,2025,9,2,0,1,23,20250901,26,7.69
EMP0140,2025,10,3,2,0,22,20251001,27,14.81
EMP0140,2025,11,1,1,2,21,20251101,25,6.0
EMP0140,2025,12,1,0,1,25,20251201,27,3.7
EMP0140,2026,1,1,2,2,22,20260101,27,7.41
EMP0140,2026,2,2,1,2,19,20260201,24,10.42
EMP0140,2026,3,1,3,1,21,20260301,26,9.62
EMP0140,2026,4,1,2,2,21,20260401,26,7.69
EMP0140,2026,5,1,1,0,24,20260501,26,5.77
EMP0140,2026,6,4,1,0,21,20260601,26,17.31
EMP0140,2026,7,1,1,0,14,20260701,16,9.38
EMP0141,2025,8,0,1,0,25,20250801,26,1.92
EMP0141,2025,9,2,0,1,23,20250901,26,7.69
EMP0141,2025,10,0,1,1,25,20251001,27,1.85
EMP0141,2025,11,1,0,2,22,20251101,25,4.0
EMP0141,2025,12,0,0,0,27,20251201,27,0.0
EMP0141,2026,1,0,0,0,27,20260101,27,0.0
EMP0141,2026,2,0,0,3,21,20260201,24,0.0
EMP0141,2026,3,0,0,1,25,20260301,26,0.0
EMP0141,2026,4,1,0,4,21,20260401,26,3.85
EMP0141,2026,5,1,0,2,23,20260501,26,3.85
EMP0141,2026,6,1,0,0,25,20260601,26,3.85
EMP0141,2026,7,0,1,1,14,20260701,16,3.12
EMP0142,2025,8,1,3,0,22,20250801,26,9.62
EMP0142,2025,9,0,0,0,26,20250901,26,0.0
EMP0142,2025,10,2,1,0,24,20251001,27,9.26
EMP0142,2025,11,0,1,1,23,20251101,25,2.0
EMP0142,2025,12,0,1,0,26,20251201,27,1.85
EMP0142,2026,1,0,1,2,24,20260101,27,1.85
EMP0142,2026,2,0,0,1,23,20260201,24,0.0
EMP0142,2026,3,0,0,1,25,20260301,26,0.0
EMP0142,2026,4,2,1,0,23,20260401,26,9.62
EMP0142,2026,5,1,0,0,25,20260501,26,3.85
EMP0142,2026,6,1,0,2,23,20260601,26,3.85
EMP0142,2026,7,1,0,0,15,20260701,16,6.25
EMP0143,2025,11,0,0,0,2,20251101,2,0.0
EMP0143,2025,12,1,1,0,25,20251201,27,5.56
EMP0143,2026,1,0,2,0,25,20260101,27,3.7
EMP0143,2026,2,1,0,0,23,20260201,24,4.17
EMP0143,2026,3,1,1,0,24,20260301,26,5.77
EMP0143,2026,4,1,1,2,22,20260401,26,5.77
EMP0143,2026,5,0,0,0,26,20260501,26,0.0
EMP0143,2026,6,0,2,1,23,20260601,26,3.85
EMP0143,2026,7,2,0,0,14,20260701,16,12.5
EMP0144,2025,9,0,0,0,16,20250901,16,0.0
EMP0144,2025,10,2,3,0,22,20251001,27,12.96
EMP0144,2025,11,0,1,0,24,20251101,25,2.0
EMP0144,2025,12,1,1,0,25,20251201,27,5.56
EMP0144,2026,1,0,0,0,27,20260101,27,0.0
EMP0144,2026,2,2,0,0,22,20260201,24,8.33
EMP0144,2026,3,2,0,0,24,20260301,26,7.69
EMP0144,2026,4,0,1,1,24,20260401,26,1.92
EMP0144,2026,5,1,0,1,24,20260501,26,3.85
EMP0144,2026,6,2,1,1,22,20260601,26,9.62
EMP0144,2026,7,0,3,0,13,20260701,16,9.38
EMP0145,2025,8,1,0,0,25,20250801,26,3.85
EMP0145,2025,9,1,1,0,24,20250901,26,5.77
EMP0145,2025,10,4,2,1,20,20251001,27,18.52
EMP0145,2025,11,2,0,1,22,20251101,25,8.0
EMP0145,2025,12,3,2,1,21,20251201,27,14.81
EMP0145,2026,1,1,0,1,25,20260101,27,3.7
EMP0145,2026,2,0,0,1,23,20260201,24,0.0
EMP0145,2026,3,1,2,2,21,20260301,26,7.69
EMP0145,2026,4,3,0,0,23,20260401,26,11.54
EMP0145,2026,5,0,1,2,23,20260501,26,1.92
EMP0145,2026,6,0,1,0,25,20260601,26,1.92
EMP0145,2026,7,1,2,1,12,20260701,16,12.5
EMP0146,2025,8,0,0,0,26,20250801,26,0.0
EMP0146,2025,9,1,0,2,23,20250901,26,3.85
EMP0146,2025,10,1,0,0,26,20251001,27,3.7
EMP0146,2025,11,1,1,1,22,20251101,25,6.0
EMP0146,2025,12,2,0,0,25,20251201,27,7.41
EMP0146,2026,1,0,0,1,26,20260101,27,0.0
EMP0146,2026,2,1,2,2,19,20260201,24,8.33
EMP0146,2026,3,0,1,0,25,20260301,26,1.92
EMP0146,2026,4,0,1,0,25,20260401,26,1.92
EMP0146,2026,5,2,0,1,23,20260501,26,7.69
EMP0146,2026,6,1,1,0,24,20260601,26,5.77
EMP0146,2026,7,0,0,0,16,20260701,16,0.0
EMP0147,2025,8,0,1,1,24,20250801,26,1.92
EMP0147,2025,9,1,0,1,24,20250901,26,3.85
EMP0147,2025,10,2,0,0,25,20251001,27,7.41
EMP0147,2025,11,0,1,2,22,20251101,25,2.0
EMP0147,2025,12,1,1,2,23,20251201,27,5.56
EMP0147,2026,1,1,0,1,25,20260101,27,3.7
EMP0147,2026,2,0,1,0,23,20260201,24,2.08
EMP0147,2026,3,0,0,1,25,20260301,26,0.0
EMP0147,2026,4,0,2,0,24,20260401,26,3.85
EMP0147,2026,5,2,0,0,24,20260501,26,7.69
EMP0147,2026,6,0,1,0,25,20260601,26,1.92
EMP0147,2026,7,0,0,1,15,20260701,16,0.0
EMP0148,2025,8,1,1,1,23,20250801,26,5.77
EMP0148,2025,9,1,1,0,24,20250901,26,5.77
EMP0148,2025,10,0,2,0,25,20251001,27,3.7
EMP0148,2025,11,2,1,0,22,20251101,25,10.0
EMP0148,2025,12,1,0,1,25,20251201,27,3.7
EMP0148,2026,1,0,1,0,26,20260101,27,1.85
EMP0148,2026,2,0,1,0,23,20260201,24,2.08
EMP0148,2026,3,0,0,0,26,20260301,26,0.0
EMP0148,2026,4,1,0,2,23,20260401,26,3.85
EMP0148,2026,5,1,0,0,25,20260501,26,3.85
EMP0148,2026,6,0,1,0,25,20260601,26,1.92
EMP0148,2026,7,0,0,0,16,20260701,16,0.0
EMP0149,2025,8,0,2,0,24,20250801,26,3.85
EMP0149,2025,9,1,1,1,23,20250901,26,5.77
EMP0149,2025,10,4,0,0,23,20251001,27,14.81
EMP0149,2025,11,1,0,0,24,20251101,25,4.0
EMP0149,2025,12,0,0,2,25,20251201,27,0.0
EMP0149,2026,1,0,1,2,24,20260101,27,1.85
EMP0149,2026,2,0,0,0,24,20260201,24,0.0
EMP0149,2026,3,1,0,0,25,20260301,26,3.85
EMP0149,2026,4,0,0,1,25,20260401,26,0.0
EMP0149,2026,5,2,0,0,24,20260501,26,7.69
EMP0149,2026,6,0,0,0,26,20260601,26,0.0
EMP0149,2026,7,0,0,1,15,20260701,16,0.0
EMP0150,2025,8,2,0,0,24,20250801,26,7.69
EMP0150,2025,9,1,0,1,24,20250901,26,3.85
EMP0150,2025,10,0,1,0,26,20251001,27,1.85
EMP0150,2025,11,2,1,1,21,20251101,25,10.0
EMP0150,2025,12,0,0,0,27,20251201,27,0.0
EMP0150,2026,1,1,1,0,25,20260101,27,5.56
EMP0150,2026,2,1,0,0,23,20260201,24,4.17
EMP0150,2026,3,1,0,0,25,20260301,26,3.85
EMP0150,2026,4,2,0,0,24,20260401,26,7.69
EMP0150,2026,5,0,1,0,25,20260501,26,1.92
EMP0150,2026,6,0,1,1,24,20260601,26,1.92
EMP0150,2026,7,0,0,0,16,20260701,16,0.0
EMP0151,2025,8,0,1,1,24,20250801,26,1.92
EMP0151,2025,9,1,1,0,24,20250901,26,5.77
EMP0151,2025,10,1,0,0,26,20251001,27,3.7
EMP0151,2025,11,1,3,0,21,20251101,25,10.0
EMP0151,2025,12,0,0,2,25,20251201,27,0.0
EMP0151,2026,1,1,0,1,25,20260101,27,3.7
EMP0151,2026,2,0,0,0,24,20260201,24,0.0
EMP0151,2026,3,1,1,0,24,20260301,26,5.77
EMP0151,2026,4,0,2,1,23,20260401,26,3.85
EMP0151,2026,5,1,0,0,25,20260501,26,3.85
EMP0151,2026,6,1,0,2,23,20260601,26,3.85
EMP0151,2026,7,0,1,0,15,20260701,16,3.12
EMP0152,2025,8,0,1,1,24,20250801,26,1.92
EMP0152,2025,9,1,1,0,24,20250901,26,5.77
EMP0152,2025,10,0,0,1,26,20251001,27,0.0
EMP0152,2025,11,3,0,0,22,20251101,25,12.0
EMP0152,2025,12,1,0,0,26,20251201,27,3.7
EMP0152,2026,1,1,0,0,26,20260101,27,3.7
EMP0152,2026,2,0,0,0,24,20260201,24,0.0
EMP0152,2026,3,0,0,1,25,20260301,26,0.0
EMP0152,2026,4,0,1,1,24,20260401,26,1.92
EMP0152,2026,5,3,1,1,21,20260501,26,13.46
EMP0152,2026,6,0,2,1,23,20260601,26,3.85
EMP0152,2026,7,0,0,0,16,20260701,16,0.0
EMP0153,2025,8,1,0,0,25,20250801,26,3.85
EMP0153,2025,9,0,0,0,26,20250901,26,0.0
EMP0153,2025,10,2,0,1,24,20251001,27,7.41
EMP0153,2025,11,0,0,1,24,20251101,25,0.0
EMP0153,2025,12,1,0,0,26,20251201,27,3.7
EMP0153,2026,1,0,0,0,27,20260101,27,0.0
EMP0153,2026,2,0,1,0,23,20260201,24,2.08
EMP0153,2026,3,0,0,1,25,20260301,26,0.0
EMP0153,2026,4,1,0,0,25,20260401,26,3.85
EMP0153,2026,5,0,0,2,24,20260501,26,0.0
EMP0153,2026,6,2,0,0,24,20260601,26,7.69
EMP0153,2026,7,0,0,0,16,20260701,16,0.0
EMP0154,2026,6,1,0,0,17,20260601,18,5.56
EMP0154,2026,7,0,0,0,16,20260701,16,0.0
EMP0155,2025,8,0,1,0,25,20250801,26,1.92
EMP0155,2025,9,1,1,0,24,20250901,26,5.77
EMP0155,2025,10,2,2,2,21,20251001,27,11.11
EMP0155,2025,11,0,2,1,22,20251101,25,4.0
EMP0155,2025,12,1,0,1,25,20251201,27,3.7
EMP0155,2026,1,0,0,1,26,20260101,27,0.0
EMP0155,2026,2,0,1,1,22,20260201,24,2.08
EMP0155,2026,3,2,0,1,23,20260301,26,7.69
EMP0155,2026,4,2,1,0,23,20260401,26,9.62
EMP0155,2026,5,1,1,0,24,20260501,26,5.77
EMP0155,2026,6,3,2,0,21,20260601,26,15.38
EMP0155,2026,7,1,1,0,14,20260701,16,9.38
EMP0156,2025,8,0,0,1,25,20250801,26,0.0
EMP0156,2025,9,0,0,0,26,20250901,26,0.0
EMP0156,2025,10,0,4,0,23,20251001,27,7.41
EMP0156,2025,11,2,2,0,21,20251101,25,12.0
EMP0156,2025,12,1,0,0,26,20251201,27,3.7
EMP0156,2026,1,0,1,2,24,20260101,27,1.85
EMP0156,2026,2,0,0,1,23,20260201,24,0.0
EMP0156,2026,3,1,1,0,24,20260301,26,5.77
EMP0156,2026,4,0,0,0,26,20260401,26,0.0
EMP0156,2026,5,0,0,1,25,20260501,26,0.0
EMP0156,2026,6,1,0,0,25,20260601,26,3.85
EMP0156,2026,7,1,0,0,15,20260701,16,6.25
EMP0157,2026,4,1,0,0,10,20260401,11,9.09
EMP0157,2026,5,1,1,0,24,20260501,26,5.77
EMP0157,2026,6,0,0,2,24,20260601,26,0.0
EMP0157,2026,7,0,0,1,15,20260701,16,0.0
EMP0158,2025,8,0,1,0,25,20250801,26,1.92
EMP0158,2025,9,0,0,0,26,20250901,26,0.0
EMP0158,2025,10,0,1,0,26,20251001,27,1.85
EMP0158,2025,11,0,1,0,24,20251101,25,2.0
EMP0158,2025,12,0,0,1,26,20251201,27,0.0
EMP0158,2026,1,0,0,0,27,20260101,27,0.0
EMP0158,2026,2,0,0,3,21,20260201,24,0.0
EMP0158,2026,3,1,0,0,25,20260301,26,3.85
EMP0158,2026,4,3,0,1,22,20260401,26,11.54
EMP0158,2026,5,3,0,1,22,20260501,26,11.54
EMP0158,2026,6,0,2,0,24,20260601,26,3.85
EMP0158,2026,7,1,0,0,15,20260701,16,6.25
EMP0159,2025,8,0,0,2,24,20250801,26,0.0
EMP0159,2025,9,0,2,0,24,20250901,26,3.85
EMP0159,2025,10,1,1,0,25,20251001,27,5.56
EMP0159,2025,11,0,1,0,24,20251101,25,2.0
EMP0159,2025,12,1,0,2,24,20251201,27,3.7
EMP0159,2026,1,0,0,2,25,20260101,27,0.0
EMP0159,2026,2,0,0,0,24,20260201,24,0.0
EMP0159,2026,3,1,0,0,25,20260301,26,3.85
EMP0159,2026,4,2,0,0,24,20260401,26,7.69
EMP0159,2026,5,1,0,1,24,20260501,26,3.85
EMP0159,2026,6,1,0,0,25,20260601,26,3.85
EMP0159,2026,7,0,1,0,15,20260701,16,3.12
EMP0160,2025,8,0,1,1,24,20250801,26,1.92
EMP0160,2025,9,0,0,0,26,20250901,26,0.0
EMP0160,2025,10,1,1,0,25,20251001,27,5.56
EMP0160,2025,11,0,0,1,24,20251101,25,0.0
EMP0160,2025,12,0,1,1,25,20251201,27,1.85
EMP0160,2026,1,2,2,0,23,20260101,27,11.11
EMP0160,2026,2,1,0,0,23,20260201,24,4.17
EMP0160,2026,3,1,0,0,25,20260301,26,3.85
EMP0160,2026,4,1,0,1,24,20260401,26,3.85
EMP0160,2026,5,0,0,0,26,20260501,26,0.0
EMP0160,2026,6,0,0,2,24,20260601,26,0.0
EMP0160,2026,7,0,1,0,15,20260701,16,3.12
EMP0161,2025,8,1,0,0,25,20250801,26,3.85
EMP0161,2025,9,0,0,1,25,20250901,26,0.0
EMP0161,2025,10,1,0,0,26,20251001,27,3.7
EMP0161,2025,11,1,0,2,22,20251101,25,4.0
EMP0161,2025,12,0,1,1,25,20251201,27,1.85
EMP0161,2026,1,0,0,2,25,20260101,27,0.0
EMP0161,2026,2,0,0,0,24,20260201,24,0.0
EMP0161,2026,3,1,0,2,23,20260301,26,3.85
EMP0161,2026,4,0,0,2,24,20260401,26,0.0
EMP0161,2026,5,1,0,0,25,20260501,26,3.85
EMP0161,2026,6,0,0,0,26,20260601,26,0.0
EMP0161,2026,7,0,1,1,14,20260701,16,3.12
EMP0162,2025,8,2,2,0,22,20250801,26,11.54
EMP0162,2025,9,1,0,1,24,20250901,26,3.85
EMP0162,2025,10,1,0,0,26,20251001,27,3.7
EMP0162,2025,11,0,2,1,22,20251101,25,4.0
EMP0162,2025,12,0,1,0,26,20251201,27,1.85
EMP0162,2026,1,0,1,1,25,20260101,27,1.85
EMP0162,2026,2,2,0,2,20,20260201,24,8.33
EMP0162,2026,3,1,0,0,25,20260301,26,3.85
EMP0162,2026,4,2,1,0,23,20260401,26,9.62
EMP0162,2026,5,1,0,0,25,20260501,26,3.85
EMP0162,2026,6,1,0,0,25,20260601,26,3.85
EMP0162,2026,7,0,0,0,16,20260701,16,0.0
EMP0163,2025,8,0,2,1,23,20250801,26,3.85
EMP0163,2025,9,0,0,0,26,20250901,26,0.0
EMP0163,2025,10,2,0,0,25,20251001,27,7.41
EMP0163,2025,11,1,0,0,24,20251101,25,4.0
EMP0163,2025,12,2,2,2,21,20251201,27,11.11
EMP0163,2026,1,0,0,1,26,20260101,27,0.0
EMP0163,2026,2,0,0,0,24,20260201,24,0.0
EMP0163,2026,3,0,1,1,24,20260301,26,1.92
EMP0163,2026,4,1,1,0,24,20260401,26,5.77
EMP0163,2026,5,0,1,0,25,20260501,26,1.92
EMP0163,2026,6,0,1,0,25,20260601,26,1.92
EMP0163,2026,7,1,0,3,12,20260701,16,6.25
EMP0164,2025,8,0,0,1,25,20250801,26,0.0
EMP0164,2025,9,3,1,2,20,20250901,26,13.46
EMP0164,2025,10,0,0,0,27,20251001,27,0.0
EMP0164,2025,11,2,0,1,22,20251101,25,8.0
EMP0164,2025,12,0,2,2,23,20251201,27,3.7
EMP0164,2026,1,0,0,0,27,20260101,27,0.0
EMP0164,2026,2,0,2,2,20,20260201,24,4.17
EMP0164,2026,3,1,0,0,25,20260301,26,3.85
EMP0164,2026,4,1,0,0,25,20260401,26,3.85
EMP0164,2026,5,0,1,0,25,20260501,26,1.92
EMP0164,2026,6,0,0,0,26,20260601,26,0.0
EMP0164,2026,7,0,0,0,16,20260701,16,0.0
EMP0165,2025,8,0,0,0,26,20250801,26,0.0
EMP0165,2025,9,1,1,1,23,20250901,26,5.77
EMP0165,2025,10,2,2,1,22,20251001,27,11.11
EMP0165,2025,11,0,1,1,23,20251101,25,2.0
EMP0165,2025,12,1,1,0,25,20251201,27,5.56
EMP0165,2026,1,0,0,0,27,20260101,27,0.0
EMP0165,2026,2,0,1,0,23,20260201,24,2.08
EMP0165,2026,3,0,0,0,26,20260301,26,0.0
EMP0165,2026,4,1,1,1,23,20260401,26,5.77
EMP0165,2026,5,2,1,0,23,20260501,26,9.62
EMP0165,2026,6,0,0,0,26,20260601,26,0.0
EMP0165,2026,7,0,0,1,15,20260701,16,0.0
EMP0166,2026,2,0,0,1,17,20260201,18,0.0
EMP0166,2026,3,0,0,0,26,20260301,26,0.0
EMP0166,2026,4,0,0,1,25,20260401,26,0.0
EMP0166,2026,5,0,0,1,25,20260501,26,0.0
EMP0166,2026,6,2,1,0,23,20260601,26,9.62
EMP0166,2026,7,0,0,0,16,20260701,16,0.0
EMP0167,2025,8,0,0,0,26,20250801,26,0.0
EMP0167,2025,9,1,0,2,23,20250901,26,3.85
EMP0167,2025,10,0,0,1,26,20251001,27,0.0
EMP0167,2025,11,0,0,1,24,20251101,25,0.0
EMP0167,2025,12,0,0,0,27,20251201,27,0.0
EMP0167,2026,1,0,0,0,27,20260101,27,0.0
EMP0167,2026,2,1,1,0,22,20260201,24,6.25
EMP0167,2026,3,0,1,1,24,20260301,26,1.92
EMP0167,2026,4,1,0,0,25,20260401,26,3.85
EMP0167,2026,5,1,0,0,25,20260501,26,3.85
EMP0167,2026,6,1,0,0,25,20260601,26,3.85
EMP0167,2026,7,0,0,0,16,20260701,16,0.0
EMP0168,2025,8,0,0,1,25,20250801,26,0.0
EMP0168,2025,9,0,0,0,26,20250901,26,0.0
EMP0168,2025,10,1,1,1,24,20251001,27,5.56
EMP0168,2025,11,2,1,0,22,20251101,25,10.0
EMP0168,2025,12,0,1,1,25,20251201,27,1.85
EMP0168,2026,1,0,0,0,27,20260101,27,0.0
EMP0168,2026,2,0,0,1,23,20260201,24,0.0
EMP0168,2026,3,2,0,0,24,20260301,26,7.69
EMP0168,2026,4,0,2,0,24,20260401,26,3.85
EMP0168,2026,5,1,0,0,25,20260501,26,3.85
EMP0168,2026,6,0,1,0,25,20260601,26,1.92
EMP0168,2026,7,2,2,1,11,20260701,16,18.75
EMP0169,2025,8,2,0,2,22,20250801,26,7.69
EMP0169,2025,9,2,2,1,21,20250901,26,11.54
EMP0169,2025,10,0,1,3,23,20251001,27,1.85
EMP0169,2025,11,2,0,1,22,20251101,25,8.0
EMP0169,2025,12,0,0,0,27,20251201,27,0.0
EMP0169,2026,1,1,0,0,26,20260101,27,3.7
EMP0169,2026,2,1,0,1,22,20260201,24,4.17
EMP0169,2026,3,1,0,0,25,20260301,26,3.85
EMP0169,2026,4,1,0,2,23,20260401,26,3.85
EMP0169,2026,5,0,1,1,24,20260501,26,1.92
EMP0169,2026,6,0,0,1,25,20260601,26,0.0
EMP0169,2026,7,0,0,0,16,20260701,16,0.0
EMP0170,2025,8,1,1,0,24,20250801,26,5.77
EMP0170,2025,9,0,0,1,25,20250901,26,0.0
EMP0170,2025,10,0,1,0,26,20251001,27,1.85
EMP0170,2025,11,0,0,0,25,20251101,25,0.0
EMP0170,2025,12,0,1,3,23,20251201,27,1.85
EMP0170,2026,1,0,1,0,26,20260101,27,1.85
EMP0170,2026,2,1,0,1,22,20260201,24,4.17
EMP0170,2026,3,2,1,0,23,20260301,26,9.62
EMP0170,2026,4,0,1,0,25,20260401,26,1.92
EMP0170,2026,5,1,1,0,24,20260501,26,5.77
EMP0170,2026,6,1,0,0,25,20260601,26,3.85
EMP0170,2026,7,1,0,0,15,20260701,16,6.25
EMP0171,2025,11,1,0,0,23,20251101,24,4.17
EMP0171,2025,12,0,0,0,27,20251201,27,0.0
EMP0171,2026,1,1,0,1,25,20260101,27,3.7
EMP0171,2026,2,1,1,0,22,20260201,24,6.25
EMP0171,2026,3,0,0,0,26,20260301,26,0.0
EMP0171,2026,4,0,1,1,24,20260401,26,1.92
EMP0171,2026,5,1,1,0,10,20260501,12,12.5
EMP0172,2025,8,1,1,0,24,20250801,26,5.77
EMP0172,2025,9,0,0,1,25,20250901,26,0.0
EMP0172,2025,10,0,2,0,25,20251001,27,3.7
EMP0172,2025,11,2,1,0,22,20251101,25,10.0
EMP0172,2025,12,0,0,1,26,20251201,27,0.0
EMP0172,2026,1,0,1,0,26,20260101,27,1.85
EMP0172,2026,2,1,0,2,21,20260201,24,4.17
EMP0172,2026,3,2,1,0,23,20260301,26,9.62
EMP0172,2026,4,0,1,0,25,20260401,26,1.92
EMP0172,2026,5,1,0,1,24,20260501,26,3.85
EMP0172,2026,6,0,2,1,23,20260601,26,3.85
EMP0172,2026,7,1,1,1,13,20260701,16,9.38
EMP0173,2025,8,0,0,0,26,20250801,26,0.0
EMP0173,2025,9,0,0,0,26,20250901,26,0.0
EMP0173,2025,10,0,0,1,26,20251001,27,0.0
EMP0173,2025,11,2,1,1,21,20251101,25,10.0
EMP0173,2025,12,0,0,0,27,20251201,27,0.0
EMP0173,2026,1,0,1,0,26,20260101,27,1.85
EMP0173,2026,2,1,0,0,23,20260201,24,4.17
EMP0173,2026,3,1,0,0,25,20260301,26,3.85
EMP0173,2026,4,0,0,0,26,20260401,26,0.0
EMP0173,2026,5,0,0,2,24,20260501,26,0.0
EMP0173,2026,6,1,1,1,23,20260601,26,5.77
EMP0173,2026,7,0,0,0,16,20260701,16,0.0
EMP0174,2025,8,0,0,1,25,20250801,26,0.0
EMP0174,2025,9,2,2,0,22,20250901,26,11.54
EMP0174,2025,10,0,0,0,27,20251001,27,0.0
EMP0174,2025,11,1,0,2,22,20251101,25,4.0
EMP0174,2025,12,0,0,0,27,20251201,27,0.0
EMP0174,2026,1,1,2,1,23,20260101,27,7.41
EMP0174,2026,2,1,1,0,22,20260201,24,6.25
EMP0174,2026,3,3,2,0,21,20260301,26,15.38
EMP0174,2026,4,0,2,0,24,20260401,26,3.85
EMP0174,2026,5,1,3,0,22,20260501,26,9.62
EMP0174,2026,6,0,0,1,25,20260601,26,0.0
EMP0174,2026,7,0,0,0,16,20260701,16,0.0
EMP0175,2025,8,0,0,0,26,20250801,26,0.0
EMP0175,2025,9,1,0,0,25,20250901,26,3.85
EMP0175,2025,10,1,0,0,26,20251001,27,3.7
EMP0175,2025,11,1,0,0,24,20251101,25,4.0
EMP0175,2025,12,2,0,0,25,20251201,27,7.41
EMP0175,2026,1,2,0,0,25,20260101,27,7.41
EMP0175,2026,2,1,0,0,23,20260201,24,4.17
EMP0175,2026,3,0,0,0,26,20260301,26,0.0
EMP0175,2026,4,0,1,0,25,20260401,26,1.92
EMP0175,2026,5,0,1,0,25,20260501,26,1.92
EMP0175,2026,6,2,0,1,23,20260601,26,7.69
EMP0175,2026,7,0,0,1,15,20260701,16,0.0
EMP0176,2025,8,1,0,0,25,20250801,26,3.85
EMP0176,2025,9,0,2,1,23,20250901,26,3.85
EMP0176,2025,10,0,1,0,26,20251001,27,1.85
EMP0176,2025,11,2,1,1,21,20251101,25,10.0
EMP0176,2025,12,0,1,0,26,20251201,27,1.85
EMP0176,2026,1,0,0,0,27,20260101,27,0.0
EMP0176,2026,2,0,0,2,22,20260201,24,0.0
EMP0176,2026,3,0,1,0,25,20260301,26,1.92
EMP0176,2026,4,1,0,0,25,20260401,26,3.85
EMP0176,2026,5,0,0,1,25,20260501,26,0.0
EMP0176,2026,6,0,1,0,25,20260601,26,1.92
EMP0176,2026,7,0,0,0,16,20260701,16,0.0
EMP0177,2025,8,0,1,0,25,20250801,26,1.92
EMP0177,2025,9,0,0,1,25,20250901,26,0.0
EMP0177,2025,10,1,2,1,23,20251001,27,7.41
EMP0177,2025,11,0,0,2,23,20251101,25,0.0
EMP0177,2025,12,1,0,0,26,20251201,27,3.7
EMP0177,2026,1,0,1,1,25,20260101,27,1.85
EMP0177,2026,2,0,0,0,24,20260201,24,0.0
EMP0177,2026,3,0,1,2,23,20260301,26,1.92
EMP0177,2026,4,0,1,0,25,20260401,26,1.92
EMP0177,2026,5,1,0,1,24,20260501,26,3.85
EMP0177,2026,6,0,1,1,24,20260601,26,1.92
EMP0177,2026,7,0,0,1,15,20260701,16,0.0
EMP0178,2025,8,2,0,0,24,20250801,26,7.69
EMP0178,2025,9,0,1,1,24,20250901,26,1.92
EMP0178,2025,10,1,1,1,24,20251001,27,5.56
EMP0178,2025,11,0,1,2,22,20251101,25,2.0
EMP0178,2025,12,1,1,0,25,20251201,27,5.56
EMP0178,2026,1,0,1,0,26,20260101,27,1.85
EMP0178,2026,2,1,0,1,22,20260201,24,4.17
EMP0178,2026,3,0,0,0,26,20260301,26,0.0
EMP0178,2026,4,0,0,0,26,20260401,26,0.0
EMP0178,2026,5,0,0,0,26,20260501,26,0.0
EMP0178,2026,6,0,0,0,26,20260601,26,0.0
EMP0178,2026,7,2,0,0,14,20260701,16,12.5
EMP0179,2025,8,1,0,1,24,20250801,26,3.85
EMP0179,2025,9,0,1,0,25,20250901,26,1.92
EMP0179,2025,10,0,0,0,27,20251001,27,0.0
EMP0179,2025,11,0,0,0,25,20251101,25,0.0
EMP0179,2025,12,0,2,0,25,20251201,27,3.7
EMP0179,2026,1,0,0,0,27,20260101,27,0.0
EMP0179,2026,2,0,0,0,24,20260201,24,0.0
EMP0179,2026,3,0,0,2,24,20260301,26,0.0
EMP0179,2026,4,4,2,0,20,20260401,26,19.23
EMP0179,2026,5,2,0,0,24,20260501,26,7.69
EMP0179,2026,6,1,3,0,22,20260601,26,9.62
EMP0179,2026,7,0,0,0,16,20260701,16,0.0
EMP0180,2025,8,0,1,0,25,20250801,26,1.92
EMP0180,2025,9,0,1,2,23,20250901,26,1.92
EMP0180,2025,10,3,1,0,23,20251001,27,12.96
EMP0180,2025,11,2,2,1,20,20251101,25,12.0
EMP0180,2025,12,1,1,1,24,20251201,27,5.56
EMP0180,2026,1,0,0,0,27,20260101,27,0.0
EMP0180,2026,2,0,0,0,24,20260201,24,0.0
EMP0180,2026,3,1,0,0,25,20260301,26,3.85
EMP0180,2026,4,3,0,0,23,20260401,26,11.54
EMP0180,2026,5,0,0,0,26,20260501,26,0.0
EMP0180,2026,6,1,0,0,25,20260601,26,3.85
EMP0180,2026,7,0,1,0,15,20260701,16,3.12
EMP0181,2025,8,0,1,0,25,20250801,26,1.92
EMP0181,2025,9,0,0,0,26,20250901,26,0.0
EMP0181,2025,10,0,1,0,26,20251001,27,1.85
EMP0181,2025,11,2,1,1,21,20251101,25,10.0
EMP0181,2025,12,0,1,0,26,20251201,27,1.85
EMP0181,2026,1,1,0,0,26,20260101,27,3.7
EMP0181,2026,2,0,0,1,23,20260201,24,0.0
EMP0181,2026,3,0,0,1,25,20260301,26,0.0
EMP0181,2026,4,0,1,0,25,20260401,26,1.92
EMP0181,2026,5,0,1,1,24,20260501,26,1.92
EMP0181,2026,6,1,0,0,25,20260601,26,3.85
EMP0181,2026,7,1,0,0,15,20260701,16,6.25
EMP0182,2025,8,0,0,0,26,20250801,26,0.0
EMP0182,2025,9,1,0,1,24,20250901,26,3.85
EMP0182,2025,10,2,2,1,22,20251001,27,11.11
EMP0182,2025,11,0,1,0,24,20251101,25,2.0
EMP0182,2025,12,1,0,1,25,20251201,27,3.7
EMP0182,2026,1,0,2,2,23,20260101,27,3.7
EMP0182,2026,2,2,0,0,22,20260201,24,8.33
EMP0182,2026,3,0,0,0,26,20260301,26,0.0
EMP0182,2026,4,0,0,1,25,20260401,26,0.0
EMP0182,2026,5,0,1,1,24,20260501,26,1.92
EMP0182,2026,6,0,0,0,26,20260601,26,0.0
EMP0182,2026,7,0,0,2,14,20260701,16,0.0
EMP0183,2025,8,0,0,0,26,20250801,26,0.0
EMP0183,2025,9,0,0,1,25,20250901,26,0.0
EMP0183,2025,10,0,1,0,26,20251001,27,1.85
EMP0183,2025,11,1,0,0,24,20251101,25,4.0
EMP0183,2025,12,0,2,0,25,20251201,27,3.7
EMP0183,2026,1,1,0,0,26,20260101,27,3.7
EMP0183,2026,2,0,0,0,24,20260201,24,0.0
EMP0183,2026,3,1,1,0,24,20260301,26,5.77
EMP0183,2026,4,0,0,1,25,20260401,26,0.0
EMP0183,2026,5,1,0,0,25,20260501,26,3.85
EMP0183,2026,6,2,3,1,20,20260601,26,13.46
EMP0183,2026,7,2,0,1,13,20260701,16,12.5
EMP0184,2025,8,1,0,0,25,20250801,26,3.85
EMP0184,2025,9,0,0,1,25,20250901,26,0.0
EMP0184,2025,10,1,0,2,24,20251001,27,3.7
EMP0184,2025,11,1,0,0,24,20251101,25,4.0
EMP0184,2025,12,1,0,0,26,20251201,27,3.7
EMP0184,2026,1,0,0,0,27,20260101,27,0.0
EMP0184,2026,2,0,0,1,23,20260201,24,0.0
EMP0184,2026,3,0,0,1,25,20260301,26,0.0
EMP0184,2026,4,0,0,0,26,20260401,26,0.0
EMP0184,2026,5,0,1,1,24,20260501,26,1.92
EMP0184,2026,6,1,0,0,25,20260601,26,3.85
EMP0184,2026,7,2,0,0,14,20260701,16,12.5
EMP0185,2025,8,0,0,0,26,20250801,26,0.0
EMP0185,2025,9,1,2,0,23,20250901,26,7.69
EMP0185,2025,10,3,0,2,22,20251001,27,11.11
EMP0185,2025,11,3,1,1,20,20251101,25,14.0
EMP0185,2025,12,1,0,0,26,20251201,27,3.7
EMP0185,2026,1,1,1,0,25,20260101,27,5.56
EMP0185,2026,2,0,1,1,22,20260201,24,2.08
EMP0185,2026,3,2,0,1,23,20260301,26,7.69
EMP0185,2026,4,2,0,1,23,20260401,26,7.69
EMP0185,2026,5,0,2,0,24,20260501,26,3.85
EMP0185,2026,6,2,1,0,23,20260601,26,9.62
EMP0185,2026,7,0,2,0,14,20260701,16,6.25
